type,link,title,metascore,user_score,platform,genres,description
unknown,https://www.metacritic.com/,,,,,,
game,https://www.metacritic.com/game/,,,,,,
unknown,https://www.metacritic.com/pictures/every-nintendo-franchise-ranked-worst-to-best/,,,,,,
unknown,https://www.metacritic.com/news/new-free-games-playstation-xbox-pc/,,,,,,
unknown,https://www.metacritic.com/news/xbox-game-pass-library/,,,,,,
game,https://www.metacritic.com/browse/game/all/all/current-year/,,,,,,
game,https://www.metacritic.com/browse/game/,,,,,,
game,https://www.metacritic.com/browse/game/?releaseType=coming-soon,,,,,,
game,https://www.metacritic.com/browse/game/ps5/all/all-time/new/?platform=ps5,,,,,,
game,https://www.metacritic.com/browse/game/xbox-series-x/all/all-time/new/?platform=xbox-series-x,,,,,,
game,https://www.metacritic.com/browse/game/pc/all/all-time/new/?platform=pc,,,,,,
game,https://www.metacritic.com/browse/game/all/all/all-time/new/?platform=nintendo-switch-2&platform=nintendo-switch,,,,,,
game,https://www.metacritic.com/browse/game/,,,,,,
unknown,https://www.metacritic.com/news/major-new-and-upcoming-video-games-ps5-xbox-switch-pc/,,,,,,
game,https://www.metacritic.com/game/hollow-knight-silksong/,,,,,,
game,https://www.metacritic.com/game/nhl-26/,,,,,,
game,https://www.metacritic.com/game/dead-reset/,,,,,,
game,https://www.metacritic.com/game/cronos-the-new-dawn/,,,,,,
game,https://www.metacritic.com/game/nba-2k26/,,,,,,
game,https://www.metacritic.com/game/hell-is-us/,,,,,,
game,https://www.metacritic.com/game/lost-soul-aside/,,,,,,
game,https://www.metacritic.com/game/shinobi-art-of-vengeance/,,,,,,
game,https://www.metacritic.com/game/metal-gear-solid-delta-snake-eater/,,,,,,
game,https://www.metacritic.com/browse/game/,,,,,,
movie,https://www.metacritic.com/movie/,,,,,,
unknown,https://www.metacritic.com/pictures/september-2025-movie-preview/,,,,,,
unknown,https://www.metacritic.com/news/upcoming-movie-release-dates-schedule/,,,,,,
unknown,https://www.metacritic.com/news/dvd-blu-ray-new-and-upcoming-release-calendar/,,,,,,
movie,https://www.metacritic.com/browse/movie/all/all/current-year/,,,,,,
movie,https://www.metacritic.com/browse/movie/,,,,,,
movie,https://www.metacritic.com/browse/movie/netflix/,,,,,,
movie,https://www.metacritic.com/browse/movie/hulu/,,,,,,
movie,https://www.metacritic.com/browse/movie/prime-video/,,,,,,
movie,https://www.metacritic.com/browse/movie/max/,,,,,,
movie,https://www.metacritic.com/browse/movie/paramount-plus/,,,,,,
movie,https://www.metacritic.com/browse/movie/,,,,,,
unknown,https://www.metacritic.com/news/upcoming-movie-release-dates-schedule/,,,,,,
movie,https://www.metacritic.com/movie/the-conjuring-last-rites/,,,,,,
movie,https://www.metacritic.com/movie/splitsville/,,,,,,
movie,https://www.metacritic.com/movie/twinless/,,,,,,
movie,https://www.metacritic.com/movie/caught-stealing/,,,,,,
movie,https://www.metacritic.com/movie/the-roses/,,,,,,
movie,https://www.metacritic.com/movie/the-toxic-avenger-2023/,,,,,,
movie,https://www.metacritic.com/movie/the-thursday-murder-club/,,,,,,
movie,https://www.metacritic.com/movie/eden-2024/,,,,,,
movie,https://www.metacritic.com/movie/honey-dont/,,,,,,
movie,https://www.metacritic.com/browse/movie/?releaseType=in-theaters,,,,,,
tv,https://www.metacritic.com/tv/,,,,,,
unknown,https://www.metacritic.com/pictures/september-2025-tv-preview/,,,,,,
unknown,https://www.metacritic.com/news/tv-renew-cancel-scorecard/,,,,,,
unknown,https://www.metacritic.com/news/what-to-watch-on-apple-tv-right-now/,,,,,,
unknown,https://www.metacritic.com/news/what-to-watch-on-disney-plus-right-now/,,,,,,
unknown,https://www.metacritic.com/news/what-to-watch-on-max-right-now/,,,,,,
unknown,https://www.metacritic.com/news/what-to-watch-on-hulu-right-now/,,,,,,
unknown,https://www.metacritic.com/news/what-to-watch-on-netflix-right-now/,,,,,,
unknown,https://www.metacritic.com/news/what-to-watch-on-paramount-plus-right-now/,,,,,,
unknown,https://www.metacritic.com/news/what-to-watch-on-peacock-right-now/,,,,,,
unknown,https://www.metacritic.com/news/what-to-watch-on-prime-video-right-now/,,,,,,
tv,https://www.metacritic.com/browse/tv/,,,,,,
unknown,https://www.metacritic.com/news/tv-premiere-dates/,,,,,,
tv,https://www.metacritic.com/tv/the-lowdown/,,,,,,
tv,https://www.metacritic.com/tv/black-rabbit/,,,,,,
tv,https://www.metacritic.com/tv/the-girlfriend/,,,,,,
tv,https://www.metacritic.com/tv/only-murders-in-the-building/season-5/,,,,,,
tv,https://www.metacritic.com/tv/task/,,,,,,
tv,https://www.metacritic.com/tv/the-walking-dead-daryl-dixon/season-3/,,,,,,
tv,https://www.metacritic.com/tv/ncis-tony-ziva/,,,,,,
tv,https://www.metacritic.com/tv/the-paper-2025/,,,,,,
tv,https://www.metacritic.com/tv/the-terminal-list-dark-wolf/,,,,,,
tv,https://www.metacritic.com/browse/tv/all/all/all-time/new/,,,,,,
unknown,https://www.metacritic.com/music/,,,,,,
music,https://www.metacritic.com/music/swag-ii/justin-bieber,SWAG II,48,tbd,,,
music,https://www.metacritic.com/music/double-infinity/big-thief,DOUBLE INFINITY,87,tbd,,,
music,https://www.metacritic.com/music/who-is-the-sky/david-byrne,WHO IS THE SKY?,79,tbd,,,
music,https://www.metacritic.com/music/mans-best-friend/sabrina-carpenter,MAN'S BEST FRIEND,75,tbd,,,
music,https://www.metacritic.com/music/straight-line-was-a-lie/the-beths,STRAIGHT LINE WAS A LIE,78,tbd,,,
music,https://www.metacritic.com/music/you-heartbreaker-you/jehnny-beth,"YOU HEARTBREAKER, YOU",73,tbd,,,
music,https://www.metacritic.com/music/essex-honey/blood-orange,ESSEX HONEY,89,tbd,,,
music,https://www.metacritic.com/music/the-hives-forever-forever-the-hives/the-hives,THE HIVES FOREVER FOREVER THE HIVES,82,tbd,,,
music,https://www.metacritic.com/music/ego-death-at-a-bachelorette-party/hayley-williams,EGO DEATH AT A BACHELORETTE PARTY,90,tbd,,,
music,https://www.metacritic.com/music/escape-room/teyana-taylor,ESCAPE ROOM,77,tbd,,,
unknown,https://www.metacritic.com/music/,,,,,,
unknown,https://www.metacritic.com/news/,,,,,,
unknown,https://www.metacritic.com/,,,,,,
game,https://www.metacritic.com/browse/game/,,,,,,
movie,https://www.metacritic.com/browse/movie/,,,,,,
tv,https://www.metacritic.com/browse/tv/,,,,,,
movie,https://www.metacritic.com/movie/dekalog-1988/,,,,,,
movie,https://www.metacritic.com/movie/three-colors-red/,,,,,,
movie,https://www.metacritic.com/movie/casablanca/,,,,,,
movie,https://www.metacritic.com/movie/boyhood/,,,,,,
movie,https://www.metacritic.com/movie/rear-window/,,,,,,
movie,https://www.metacritic.com/movie/citizen-kane-1941/,,,,,,
movie,https://www.metacritic.com/movie/the-conformist-re-release/,,,,,,
movie,https://www.metacritic.com/movie/the-godfather/,,,,,,
movie,https://www.metacritic.com/movie/tokyo-story/,,,,,,
movie,https://www.metacritic.com/movie/the-leopard-re-release/,,,,,,
movie,https://www.metacritic.com/movie/lawrence-of-arabia-re-release/,,,,,,
movie,https://www.metacritic.com/movie/notorious-1946/,,,,,,
movie,https://www.metacritic.com/movie/vertigo-1958/,,,,,,
movie,https://www.metacritic.com/movie/fanny-and-alexander-re-release/,,,,,,
movie,https://www.metacritic.com/movie/singin-in-the-rain/,,,,,,
movie,https://www.metacritic.com/movie/playtime/,,,,,,
movie,https://www.metacritic.com/movie/touch-of-evil/,,,,,,
movie,https://www.metacritic.com/movie/army-of-shadows/,,,,,,
movie,https://www.metacritic.com/movie/city-lights/,,,,,,
movie,https://www.metacritic.com/movie/moonlight-2016/,,,,,,
movie,https://www.metacritic.com/movie/intolerance/,,,,,,
movie,https://www.metacritic.com/movie/the-rules-of-the-game/,,,,,,
movie,https://www.metacritic.com/movie/pinocchio-1940/,,,,,,
movie,https://www.metacritic.com/movie/seven-samurai-1954/,,,,,,
unknown,https://www.metacritic.com/,,,,,,
unknown,https://www.metacritic.com/about-us/,,,,,,
