title,genres,rating,description,link
The Conjuring: Last Rites,"Supernatural Horror, Horror, Mystery, Thriller, Back to top",N/A,Paranormal investigators Ed and Lorraine Warren take on one last terrifying case involving mysterious entities they must confront.,https://www.imdb.com/title/tt22898462/?ref_=chtmvm_t_1
The Thursday Murder Club,"Whodunnit, Comedy, Crime, Mystery, Thriller, Back to top",N/A,"Four irrepressible retirees spend their time solving cold case murders for fun, but their casual sleuthing takes a thrilling turn when they find themselves with a real whodunit on their hands.",https://www.imdb.com/title/tt12001534/?ref_=chtmvm_t_2
Highest 2 Lowest,"Police Procedural, Crime, Drama, Mystery, Thriller, Back to top",N/A,"When a titan music mogul is targeted with a ransom plot, he is jammed up in a life-or-death moral dilemma.",https://www.imdb.com/title/tt31194612/?ref_=chtmvm_t_3
Weapons,"Dark Comedy, Psychological Horror, Supernatural Horror, Witch Horror, Horror, Mystery, Back to top",N/A,"When all but one child from the same class mysteriously vanish on the same night at exactly the same time, a community is left questioning who or what is behind their disappearance.",https://www.imdb.com/title/tt26581740/?ref_=chtmvm_t_4
Wuthering Heights,"Drama, Romance, Back to top",N/A,"A passionate and tumultuous love story set against the backdrop of the Yorkshire moors, exploring the intense and destructive relationship between Heathcliff and Catherine Earnshaw.",https://www.imdb.com/title/tt32897959/?ref_=chtmvm_t_5
Unknown Number: The High School Catfish,"Crime Documentary, True Crime, Crime, Documentary, Back to top",N/A,A teen girl and her boyfriend face persistent harassment from an unknown caller. Police investigating the months of torment discover a revelation that upends their initial assumptions.,https://www.imdb.com/title/tt37674426/?ref_=chtmvm_t_6
The Naked Gun,"Bumbling Detective, Parody, Satire, Slapstick, Action, Comedy, Crime, Back to top",N/A,Only one man has the particular set of skills - to lead Police Squad and save the world.,https://www.imdb.com/title/tt3402138/?ref_=chtmvm_t_7
Caught Stealing,"Dark Comedy, Gangster, Psychological Drama, Psychological Thriller, Comedy, Crime, Thriller, Back to top",N/A,"Burned-out ex-baseball player Hank Thompson unexpectedly finds himself embroiled in a dangerous struggle for survival amidst the criminal underbelly of 1990s New York City, forced to navigate a treacherous underworld he never imagined.",https://www.imdb.com/title/tt1493274/?ref_=chtmvm_t_8
Nobody 2,"Dark Comedy, One-Person Army Action, Action, Comedy, Crime, Thriller, Back to top",N/A,"Suburban dad Hutch Mansell, a former lethal assassin, is pulled back into his violent past after thwarting a home invasion, setting off a chain of events",https://www.imdb.com/title/tt28996126/?ref_=chtmvm_t_9
Lilo & Stitch,"Action Epic, Adventure Epic, Alien Invasion, Buddy Comedy, Epic, Fantasy Epic, Sci-Fi Epic, Space Sci-Fi, Action, Adventure, Atmospheric, Chemistry, Comedic elements, Emotional stakes, Family dynamics, Performance, Visual innovation, Character development, Direction, Back to top",N/A,"A lonely Hawaiian girl befriends a runaway alien, helping to mend her fragmented family.",https://www.imdb.com/title/tt11655566/?ref_=chtmvm_t_10
Thunderbolts*,"Dark Fantasy, Political Drama, Psychological Drama, Superhero, Action, Adventure, Crime, Drama, Fantasy, Sci-Fi, Action sequences, Authentic emotion, Character development, Chemistry, Comedic elements, Friendship, Great ensemble, Inner conflict, Mental health, Performance, Back to top",N/A,"After finding themselves ensnared in a death trap, an unconventional team of antiheroes must go on a dangerous mission that will force them to confront the darkest corners of their pasts.",https://www.imdb.com/title/tt20969586/?ref_=chtmvm_t_11
Superman,"Action Epic, Adventure Epic, Epic, Sci-Fi Epic, Superhero, Action, Adventure, Sci-Fi, Action sequences, Visual spectacle, Chemistry, Comedic elements, Direction, Great ensemble, Performance, Atmospheric, Character development, Worldbuilding, Back to top",N/A,"Superman must reconcile his alien Kryptonian heritage with his human upbringing as reporter Clark Kent. As the embodiment of truth, justice and the human way he soon finds himself in a world that views these as old-fashioned.",https://www.imdb.com/title/tt5950044/?ref_=chtmvm_t_12
F1,"Car Action, Motorsport, Action, Drama, Sport, Action sequences, Cinematography, Exciting, Great ensemble, Performance, Sound design, Formulaic, Over-the-top, Thin story, Uneven quality, Back to top",N/A,A Formula One driver comes out of retirement to mentor and team up with a younger driver.,https://www.imdb.com/title/tt16311594/?ref_=chtmvm_t_13
KPop Demon Hunters,"Computer Animation, Pop Musical, Action, Adventure, Animation, Comedy, Family, Fantasy, Music, Musical, Animation style, Chemistry, Friendship, Genre blending, Identity, Soundtrack, Supernatural themes, Uplifting, Visual innovation, Thin story, Back to top",N/A,A world-renowned K-Pop girl group balance their lives in the spotlight with their secret identities as demon hunters.,https://www.imdb.com/title/tt14205554/?ref_=chtmvm_t_14
The Roses,"Dark Comedy, Satire, Screwball Comedy, Tragedy, Comedy, Back to top",N/A,A tinderbox of competition and resentments underneath the façade of a picture-perfect couple is ignited when the husband's professional dreams come crashing down.,https://www.imdb.com/title/tt31973693/?ref_=chtmvm_t_15
Die My Love,"Dark Comedy, Comedy, Drama, Thriller, Back to top",N/A,"In a remote forgotten rural area, a mother struggles to maintain her sanity as she battles with psychosis.",https://www.imdb.com/title/tt9362736/?ref_=chtmvm_t_16
The Conjuring,"Supernatural Horror, Suspense Mystery, Horror, Mystery, Thriller, Atmospheric, Cinematography, Horror craft, Jumpscares, Sound design, Supernatural themes, Suspenseful, Derivative, Thin story, Back to top",N/A,Paranormal investigators Ed and Lorraine Warren work to help a family terrorized by a dark presence in their farmhouse.,https://www.imdb.com/title/tt1457767/?ref_=chtmvm_t_17
The Smashing Machine,"Boxing, Docudrama, Action, Biography, Drama, History, Sport, Back to top",N/A,The story of mixed-martial arts and UFC champion Mark Kerr.,https://www.imdb.com/title/tt11214558/?ref_=chtmvm_t_18
Friendship,"Comedy, Comedic elements, Dark humor, Subversive, Unpredictable, Emotional stakes, Friendship, Mental health, Realism, Thin story, Back to top",N/A,A suburban dad falls hard for his charismatic new neighbor.,https://www.imdb.com/title/tt30505698/?ref_=chtmvm_t_19
The Long Walk,"Horror, Back to top",N/A,"A group of teenage boys compete in an annual contest known as ""The Long Walk,"" where they must maintain a certain walking speed or get shot.",https://www.imdb.com/title/tt10374610/?ref_=chtmvm_t_20
Together,"Body Horror, Psychological Horror, Horror, Romance, Back to top",N/A,"Years into their relationship, Tim and Millie find themselves at a crossroads as they move to the country. With tensions already flaring, an encounter with an unnatural force threatens to corrupt their lives, their love and their flesh.",https://www.imdb.com/title/tt31184028/?ref_=chtmvm_t_21
Sinners,"Folk Horror, Period Drama, Supernatural Horror, Vampire Horror, Action, Drama, Horror, Music, Thriller, Atmospheric, Cinematography, Direction, Gothic, Performance, Social commentary, Soundtrack, Supernatural themes, Narrative complexity, Back to top",N/A,"Trying to leave their troubled lives behind, twin brothers return to their hometown to start again, only to discover that an even greater evil is waiting to welcome them back.",https://www.imdb.com/title/tt31193180/?ref_=chtmvm_t_22
28 Years Later,"Zombie Horror, Horror, Sci-Fi, Thriller, Action sequences, Atmospheric, Cinematography, Performance, Sound design, Suspenseful, Character development, Survival, Pacing, Uneven quality, Back to top",N/A,"A group of survivors of the rage virus live on a small island. When one of the group leaves the island on a mission into the mainland, he discovers secrets, wonders, and horrors that have mutated not only the infected but other survivors.",https://www.imdb.com/title/tt10548174/?ref_=chtmvm_t_23
Mission: Impossible - The Final Reckoning,"Action Epic, Adventure Epic, Spy, Action, Adventure, Thriller, Action sequences, Cinematography, Great ensemble, Iconic imagery, Iconic performance, Set pieces, Stunts, Visual spectacle, Pacing, Back to top",N/A,"Hunt and the IMF pursue a dangerous AI called the Entity that's infiltrated global intelligence. With governments and a figure from his past in pursuit, Hunt races to stop it from forever changing the world.",https://www.imdb.com/title/tt9603208/?ref_=chtmvm_t_24
Jurassic World: Rebirth,"Dinosaur Adventure, Action, Adventure, Sci-Fi, Thriller, Back to top",N/A,"Five years post-Jurassic World: Dominion (2022), an expedition braves isolated equatorial regions to extract DNA from three massive prehistoric creatures for a groundbreaking medical breakthrough.",https://www.imdb.com/title/tt31036941/?ref_=chtmvm_t_25
