type,title,metascore,user_score,description,link
movie,Dead Reset,92,,,https://www.metacritic.com/
movie,GAMES,65,,,https://www.metacritic.com/game/
movie,"Every Nintendo Franchise, Ranked",,,,https://www.metacritic.com/pictures/every-nintendo-franchise-ranked-worst-to-best/
movie,New Free & Subscription Games for All Platforms,,,,https://www.metacritic.com/news/new-free-games-playstation-xbox-pc/
movie,Every Game Available for Xbox Game Pass,,,,https://www.metacritic.com/news/xbox-game-pass-library/
movie,Best Games This Year,95,,,https://www.metacritic.com/browse/game/all/all/current-year/
movie,Best Games of All Time,99,,,https://www.metacritic.com/browse/game/
movie,All Upcoming Game Releases,,,,https://www.metacritic.com/browse/game/?releaseType=coming-soon
movie,New Games on PS5,64,,,https://www.metacritic.com/browse/game/ps5/all/all-time/new/?platform=ps5
movie,New Games on Xbox Series X/S,83,,,https://www.metacritic.com/browse/game/xbox-series-x/all/all-time/new/?platform=xbox-series-x
movie,New Games on PC,,,,https://www.metacritic.com/browse/game/pc/all/all-time/new/?platform=pc
movie,New Games on Nintendo Switch 2 and Nintendo Switch,,,,https://www.metacritic.com/browse/game/all/all/all-time/new/?platform=nintendo-switch-2&platform=nintendo-switch
movie,Best Games of All Time,99,,,https://www.metacritic.com/browse/game/
movie,Notable Video Game Releases: New and Upcoming,,,,https://www.metacritic.com/news/major-new-and-upcoming-video-games-ps5-xbox-switch-pc/
movie,Hollow Knight: Silksong,92,,,https://www.metacritic.com/game/hollow-knight-silksong/
movie,NHL 26,80,,,https://www.metacritic.com/game/nhl-26/
movie,Dead Reset,70,,,https://www.metacritic.com/game/dead-reset/
movie,Cronos: The New Dawn,70,,,https://www.metacritic.com/game/cronos-the-new-dawn/
movie,NBA 2K26,85,,,https://www.metacritic.com/game/nba-2k26/
movie,Hell is Us,tbd,,,https://www.metacritic.com/game/hell-is-us/
movie,Lost Soul Aside,40,,,https://www.metacritic.com/game/lost-soul-aside/
movie,Shinobi: Art of Vengeance,90,,,https://www.metacritic.com/game/shinobi-art-of-vengeance/
movie,Metal Gear Solid Delta: Snake Eater,70,,,https://www.metacritic.com/game/metal-gear-solid-delta-snake-eater/
movie,Best Games of All Time,99,,,https://www.metacritic.com/browse/game/
movie,MOVIES,51,,,https://www.metacritic.com/movie/
movie,September 2025 Movie Preview,68,,,https://www.metacritic.com/pictures/september-2025-movie-preview/
movie,2025-26 Movie Release Calendar,,,,https://www.metacritic.com/news/upcoming-movie-release-dates-schedule/
movie,DVD/Blu-ray Releases: New & Upcoming,,,,https://www.metacritic.com/news/dvd-blu-ray-new-and-upcoming-release-calendar/
movie,Best Movies This Year,96,,,https://www.metacritic.com/browse/movie/all/all/current-year/
movie,Best Movies of All Time,100,,,https://www.metacritic.com/browse/movie/
movie,Best Movies on Netflix,97,,,https://www.metacritic.com/browse/movie/netflix/
movie,Best Movies on Hulu,96,,,https://www.metacritic.com/browse/movie/hulu/
movie,Best Movies on Prime Video,100,,,https://www.metacritic.com/browse/movie/prime-video/
movie,Best Movies on Max,100,,,https://www.metacritic.com/browse/movie/max/
movie,Best Movies on Paramount+,97,,,https://www.metacritic.com/browse/movie/paramount-plus/
movie,Best Movies of All Time,100,,,https://www.metacritic.com/browse/movie/
movie,2025-26 Movie Release Calendar,,,,https://www.metacritic.com/news/upcoming-movie-release-dates-schedule/
movie,The Conjuring: Last Rites,54,,,https://www.metacritic.com/movie/the-conjuring-last-rites/
movie,Splitsville,74,,,https://www.metacritic.com/movie/splitsville/
movie,Twinless,80,,,https://www.metacritic.com/movie/twinless/
movie,Caught Stealing,65,,,https://www.metacritic.com/movie/caught-stealing/
movie,The Roses,58,,,https://www.metacritic.com/movie/the-roses/
movie,The Toxic Avenger,65,,,https://www.metacritic.com/movie/the-toxic-avenger-2023/
movie,The Thursday Murder Club,61,,,https://www.metacritic.com/movie/the-thursday-murder-club/
movie,Eden,58,,,https://www.metacritic.com/movie/eden-2024/
movie,Honey Don't!,46,,,https://www.metacritic.com/movie/honey-dont/
movie,New Movies In Theaters,96,,,https://www.metacritic.com/browse/movie/?releaseType=in-theaters
movie,TV SHOWS,74,,,https://www.metacritic.com/tv/
movie,September 2025 TV Preview,tbd,,,https://www.metacritic.com/pictures/september-2025-tv-preview/
movie,2025-26 TV Season Scorecard,,,,https://www.metacritic.com/news/tv-renew-cancel-scorecard/
movie,What to Watch on Apple TV+ Right Now,,,,https://www.metacritic.com/news/what-to-watch-on-apple-tv-right-now/
movie,What to Watch on Disney+ Right Now,,,,https://www.metacritic.com/news/what-to-watch-on-disney-plus-right-now/
movie,What to Watch on HBO Max Right Now,,,,https://www.metacritic.com/news/what-to-watch-on-max-right-now/
movie,What to Watch on Hulu Right Now,,,,https://www.metacritic.com/news/what-to-watch-on-hulu-right-now/
movie,What to Watch on Netflix Right Now,,,,https://www.metacritic.com/news/what-to-watch-on-netflix-right-now/
movie,What to Watch on Paramount+ Right Now,,,,https://www.metacritic.com/news/what-to-watch-on-paramount-plus-right-now/
movie,What to Watch on Peacock Right Now,,,,https://www.metacritic.com/news/what-to-watch-on-peacock-right-now/
movie,What to Watch on Prime Video Right Now,,,,https://www.metacritic.com/news/what-to-watch-on-prime-video-right-now/
movie,Best TV Shows of All Time,97,,,https://www.metacritic.com/browse/tv/
movie,2025-26 TV Premiere Calendar,,,,https://www.metacritic.com/news/tv-premiere-dates/
movie,The Lowdown,89,,,https://www.metacritic.com/tv/the-lowdown/
movie,Black Rabbit,tbd,,,https://www.metacritic.com/tv/black-rabbit/
movie,The Girlfriend,70,,,https://www.metacritic.com/tv/the-girlfriend/
movie,The Office (UK),71,,,https://www.metacritic.com/tv/only-murders-in-the-building/season-5/
movie,Task,76,,,https://www.metacritic.com/tv/task/
movie,The Office (UK),65,,,https://www.metacritic.com/tv/the-walking-dead-daryl-dixon/season-3/
movie,NCIS: Tony & Ziva,73,,,https://www.metacritic.com/tv/ncis-tony-ziva/
movie,The Paper (2025),66,,,https://www.metacritic.com/tv/the-paper-2025/
movie,The Terminal List: Dark Wolf,66,,,https://www.metacritic.com/tv/the-terminal-list-dark-wolf/
movie,All New TV Shows by Release Date,74,,,https://www.metacritic.com/browse/tv/all/all/all-time/new/
movie,,,,,https://www.metacritic.com/music/
movie,SWAG II,,,,https://www.metacritic.com/music/swag-ii/justin-bieber
movie,DOUBLE INFINITY,,,,https://www.metacritic.com/music/double-infinity/big-thief
movie,WHO IS THE SKY?,,,,https://www.metacritic.com/music/who-is-the-sky/david-byrne
movie,MAN'S BEST FRIEND,,,,https://www.metacritic.com/music/mans-best-friend/sabrina-carpenter
movie,STRAIGHT LINE WAS A LIE,,,,https://www.metacritic.com/music/straight-line-was-a-lie/the-beths
movie,"YOU HEARTBREAKER, YOU",,,,https://www.metacritic.com/music/you-heartbreaker-you/jehnny-beth
movie,ESSEX HONEY,,,,https://www.metacritic.com/music/essex-honey/blood-orange
movie,THE HIVES FOREVER FOREVER THE HIVES,,,,https://www.metacritic.com/music/the-hives-forever-forever-the-hives/the-hives
movie,EGO DEATH AT A BACHELORETTE PARTY,,,,https://www.metacritic.com/music/ego-death-at-a-bachelorette-party/hayley-williams
movie,ESCAPE ROOM,,,,https://www.metacritic.com/music/escape-room/teyana-taylor
movie,,,,,https://www.metacritic.com/music/
movie,Featured News,,,,https://www.metacritic.com/news/
movie,Dead Reset,92,,,https://www.metacritic.com/
movie,Best Games of All Time,99,,,https://www.metacritic.com/browse/game/
movie,Best Movies of All Time,100,,,https://www.metacritic.com/browse/movie/
movie,Best TV Shows of All Time,97,,,https://www.metacritic.com/browse/tv/
movie,Dekalog (1988),100,,,https://www.metacritic.com/movie/dekalog-1988/
movie,Three Colors: Red,100,,,https://www.metacritic.com/movie/three-colors-red/
movie,Casablanca,100,,,https://www.metacritic.com/movie/casablanca/
movie,Boyhood,100,,,https://www.metacritic.com/movie/boyhood/
movie,Rear Window,100,,,https://www.metacritic.com/movie/rear-window/
movie,Citizen Kane,100,,,https://www.metacritic.com/movie/citizen-kane-1941/
movie,The Conformist,100,,,https://www.metacritic.com/movie/the-conformist-re-release/
movie,The Godfather,100,,,https://www.metacritic.com/movie/the-godfather/
movie,Tokyo Story,100,,,https://www.metacritic.com/movie/tokyo-story/
movie,The Leopard (re-release),100,,,https://www.metacritic.com/movie/the-leopard-re-release/
movie,Lawrence of Arabia (re-release),100,,,https://www.metacritic.com/movie/lawrence-of-arabia-re-release/
movie,Notorious,100,,,https://www.metacritic.com/movie/notorious-1946/
movie,Vertigo,100,,,https://www.metacritic.com/movie/vertigo-1958/
movie,Fanny and Alexander (re-release),100,,,https://www.metacritic.com/movie/fanny-and-alexander-re-release/
movie,Singin' in the Rain,99,,,https://www.metacritic.com/movie/singin-in-the-rain/
movie,Playtime,99,,,https://www.metacritic.com/movie/playtime/
movie,Touch of Evil,99,,,https://www.metacritic.com/movie/touch-of-evil/
movie,Army of Shadows,99,,,https://www.metacritic.com/movie/army-of-shadows/
movie,City Lights,99,,,https://www.metacritic.com/movie/city-lights/
movie,Moonlight,99,,,https://www.metacritic.com/movie/moonlight-2016/
movie,Intolerance,99,,,https://www.metacritic.com/movie/intolerance/
movie,The Rules of the Game,99,,,https://www.metacritic.com/movie/the-rules-of-the-game/
movie,Pinocchio,99,,,https://www.metacritic.com/movie/pinocchio-1940/
movie,Seven Samurai,98,,,https://www.metacritic.com/movie/seven-samurai-1954/
movie,Dead Reset,92,,,https://www.metacritic.com/
movie,Welcome to Metacritic!,90,,,https://www.metacritic.com/about-us/
