title,genres,rating,description,link
1. The Shawshank Redemption,"Epic, Period Drama, Prison Drama, Drama, Authentic emotion, Character development, Emotional weight, Enduring legacy, Friendship, Inspirational, Performance, Cinematography, Narration, Back to top",9.3,"A banker convicted of uxoricide forms a friendship over a quarter century with a hardened convict, while maintaining his innocence and trying to remain hopeful through simple compassion.",https://www.imdb.com/title/tt0111161/
2. The Godfather,"Epic, Gangster, Tragedy, Crime, Drama, Atmospheric, Authentic emotion, Character development, Cinematography, Direction, Enduring legacy, Family dynamics, Iconic lines, Iconic performance, Narrative complexity, Back to top",9.2,The aging patriarch of an organized crime dynasty transfers control of his clandestine empire to his reluctant son.,https://www.imdb.com/title/tt0068646/
3. The Dark Knight,"Action Epic, Epic, Superhero, Tragedy, Action, Crime, Drama, Thriller, Action sequences, Cinematography, Direction, Standout performance, Adaptation, Dark tone, Philosophical elements, Character development, Pacing, Back to top",9.1,"When a menace known as the Joker wreaks havoc and chaos on the people of Gotham, Batman, James Gordon and Harvey Dent must work together to put an end to the madness.",https://www.imdb.com/title/tt0468569/
4. The Godfather Part II,"Epic, Gangster, Tragedy, Crime, Drama, Atmospheric, Cinematography, Production design, Character development, Duality, Family dynamics, Inner conflict, Legacy, Morality, Narrative complexity, Back to top",9.0,"The early life and career of Vito Corleone in 1920s New York City is portrayed, while his son, Michael, expands and tightens his grip on the family crime syndicate.",https://www.imdb.com/title/tt0071562/
5. 12 Angry Men,"Legal Drama, Psychological Drama, Crime, Drama, Authentic emotion, Direction, Dramatic tension, Great ensemble, Morality, Social commentary, Suspenseful, Thought-provoking, Writing, Back to top",9.0,The jury in a New York City murder trial is frustrated by a single member whose skeptical caution forces them to more carefully consider the evidence before jumping to a hasty verdict.,https://www.imdb.com/title/tt0050083/
6. The Lord of the Rings: The Return of the King,"Action Epic, Adventure Epic, Epic, Fantasy Epic, Mountain Adventure, Quest, Sword & Sorcery, Tragedy, Adventure, Drama, Action sequences, Atmospheric, Authentic emotion, Character development, Cinematography, Enduring legacy, Epic, Iconic ending, Adaptation, Back to top",9.0,Gandalf and Aragorn lead the World of Men against Sauron's army to draw his gaze from Frodo and Sam as they approach Mount Doom with the One Ring.,https://www.imdb.com/title/tt0167260/
7. Schindler's List,"Docudrama, Epic, Historical Epic, Period Drama, Prison Drama, Tragedy, Biography, Drama, History, Atmospheric, Authentic emotion, Character development, Cinematography, Direction, Historical accuracy, Musical score, Performance, Symbolism, Back to top",9.0,"In German-occupied Poland during World War II, industrialist Oskar Schindler gradually becomes concerned for his Jewish workforce after witnessing their persecution by the Nazis.",https://www.imdb.com/title/tt0108052/
8. Pulp Fiction,"Dark Comedy, Drug Crime, Gangster, Crime, Drama, Atmospheric, Authentic emotion, Cinematography, Comedic brilliance, Dark humor, Genre blending, Iconic soundtrack, Non-linear structure, Back to top",8.8,"The lives of two mob hitmen, a boxer, a gangster and his wife, and a pair of diner bandits intertwine in four tales of violence and redemption.",https://www.imdb.com/title/tt0110912/
9. The Lord of the Rings: The Fellowship of the Ring,"Action Epic, Adventure Epic, Dark Fantasy, Epic, Fantasy Epic, Quest, Sword & Sorcery, Adventure, Drama, Fantasy, Adaptation, Ambitious, Authentic emotion, Character development, Cinematography, Epic, Friendship, Production design, Special effects, Worldbuilding, Back to top",8.9,A meek Hobbit from the Shire and eight companions set out on a journey to destroy the powerful One Ring and save Middle-earth from the Dark Lord Sauron.,https://www.imdb.com/title/tt0120737/
10. Lonely Hero in the Duel of Hell's Gate,"Action Epic, Adventure Epic, Dark Comedy, Desert Adventure, Epic, Period Drama, Quest, Spaghetti Western, Western Epic, Adventure, Action sequences, Atmospheric, Cinematography, Direction, Dramatic tension, Great ensemble, Iconic scene, Iconic score, Thin story, Back to top",8.8,A bounty-hunting scam joins two men in an uneasy alliance against a third in a race to find a fortune in gold buried in a remote cemetery.,https://www.imdb.com/title/tt0060196/
11. Forrest Gump,"Epic, Drama, Romance, Comedic brilliance, Friendship, Heartfelt, Inspirational, Nostalgic, Personal growth, Adaptation, Back to top",8.8,"The history of the United States from the 1950s to the '70s unfolds from the perspective of an Alabama man with an IQ of 75, who yearns to be reunited with his childhood sweetheart.",https://www.imdb.com/title/tt0109830/
12. The Lord of the Rings: The Two Towers,"Action Epic, Adventure Epic, Dark Fantasy, Epic, Fantasy Epic, Quest, Sword & Sorcery, Adventure, Drama, Fantasy, Action sequences, Character development, Cinematography, Creature design, Dramatic tension, Epic, Friendship, Worldbuilding, Adaptation, Back to top",8.8,"While Frodo and Sam edge closer to Mordor with the help of the shifty Gollum, the divided fellowship makes a stand against Sauron's new ally, Saruman, and his hordes of Isengard.",https://www.imdb.com/title/tt0167261/
13. Fight Club,"Dark Comedy, Psychological Drama, Psychological Thriller, Workplace Drama, Crime, Drama, Thriller, Allegorical elements, Cinematography, Direction, Performance, Psychological depth, Social commentary, Sound design, Thought-provoking, Narrative complexity, Back to top",8.8,An insomniac office worker and a devil-may-care soap maker form an underground fight club that evolves into much more.,https://www.imdb.com/title/tt0137523/
14. Inception,"Action Epic, Adventure Epic, Epic, Psychological Thriller, Sci-Fi Epic, Action, Adventure, Sci-Fi, Thriller, Dreamlike, Iconic ending, Special effects, Thought-provoking, Ambitious, Character development, Narrative complexity, Confusing, Pacing, Back to top",8.8,"A thief who steals corporate secrets through the use of dream-sharing technology is given the inverse task of planting an idea into the mind of a C.E.O., but his tragic past may doom the project and his team to disaster.",https://www.imdb.com/title/tt1375666/
15. Star Wars: Episode V - The Empire Strikes Back,"Action Epic, Adventure Epic, Dark Fantasy, Dystopian Sci-Fi, Epic, Fantasy Epic, Quest, Sci-Fi Epic, Space Sci-Fi, Sword & Sorcery, Action sequences, Character development, Cinematography, Dark tone, Iconic lines, Iconic scene, Iconic score, Special effects, Suspenseful, Worldbuilding, Back to top",8.7,"After the Empire overpowers the Rebel Alliance, Luke Skywalker begins training with Jedi Master Yoda, while Darth Vader and bounty hunter Boba Fett pursue his friends across the galaxy.",https://www.imdb.com/title/tt0080684/
16. The Matrix,"Action Epic, Artificial Intelligence, Cyberpunk, Dystopian Sci-Fi, Gun Fu, Martial Arts, Sci-Fi Epic, Action, Sci-Fi, Action sequences, Cinematography, Philosophical elements, Special effects, Thought-provoking, Character development, Dystopian elements, Religious themes, Back to top",8.7,"When a beautiful stranger leads computer hacker Neo to a forbidding underworld, he discovers the shocking truth--the life he knows is the elaborate deception of an evil cyber-intelligence.",https://www.imdb.com/title/tt0133093/
17. GoodFellas,"Docudrama, Gangster, True Crime, Biography, Crime, Drama, Character development, Chemistry, Cinematography, Dark humor, Direction, Enduring legacy, Iconic performance, Rewatchable, Soundtrack, Authentic emotion, Back to top",8.7,"The story of Henry Hill and his life in the mafia, covering his relationship with his wife Karen and his mob partners Jimmy Conway and Tommy DeVito.",https://www.imdb.com/title/tt0099685/
18. Interstellar,"Adventure Epic, Epic, Psychological Drama, Quest, Sci-Fi Epic, Space Sci-Fi, Time Travel, Adventure, Drama, Sci-Fi, Ambitious, Cinematography, Cosmic wonder, Emotional stakes, Family dynamics, Scientific depth, Soundtrack, Thought-provoking, Back to top",8.7,"When Earth becomes uninhabitable in the future, a farmer and ex-NASA pilot, Joseph Cooper, is tasked to pilot a spacecraft, along with a team of researchers, to find a new planet for humans.",https://www.imdb.com/title/tt0816692/
19. One Flew Over the Cuckoo's Nest,"Medical Drama, Psychological Drama, Drama, Freedom, Iconic performance, Performance, Adaptation, Allegorical elements, Dramatic tension, Human experience, Mental health, Social commentary, Back to top",8.7,"A rebellious convict is sent to a psychiatric hospital for evaluation in 1963 Oregon, and encourages his docile companions to take more control of their lives and defy the tyrannical head nurse.",https://www.imdb.com/title/tt0073486/
20. Se7en,"Cop Drama, Hard-boiled Detective, Police Procedural, Psychological Drama, Psychological Thriller, Serial Killer, Tragedy, Crime, Drama, Mystery, Atmospheric, Cinematography, Performance, Suspenseful, Thrilling, Philosophical elements, Religious themes, Social commentary, Dark tone, Back to top",8.6,"Two detectives, a rookie and a veteran, hunt a serial killer who uses the seven deadly sins as his motives.",https://www.imdb.com/title/tt0114369/
21. It's a Wonderful Life,"Feel-Good Romance, Holiday Family, Holiday Romance, Psychological Drama, Supernatural Fantasy, Drama, Family, Fantasy, Holiday, Romance, Family dynamics, Friendship, Heartfelt, Inspirational, Meaning of life, Nostalgic, Religious themes, Traditional values, Social commentary, Back to top",8.6,An angel is sent from Heaven to help a desperately frustrated businessman by showing him what life would have been like if he had never existed.,https://www.imdb.com/title/tt0038650/
22. The Silence of the Lambs,"Police Procedural, Psychological Drama, Psychological Horror, Psychological Thriller, Serial Killer, Crime, Drama, Horror, Thriller, Atmospheric, Chemistry, Direction, Iconic lines, Iconic performance, Performance, Psychological depth, Suspenseful, Thrilling, Back to top",8.6,"A young F.B.I. cadet must receive the help of an incarcerated and manipulative cannibal killer to help catch another serial killer, a madman who skins his victims.",https://www.imdb.com/title/tt0102926/
23. Shichinin no samurai,"Action Epic, Epic, Period Drama, Samurai, Action, Drama, Artistic vision, Authentic emotion, Character development, Cinematography, Enduring legacy, Historical accuracy, Musical score, Social commentary, Technical achievement, Back to top",8.6,"Farmers from a village exploited by bandits hire a veteran samurai for protection, and he gathers six other samurai to join him.",https://www.imdb.com/title/tt0047478/
24. Saving Private Ryan,"Epic, Period Drama, Psychological Drama, Tragedy, War Epic, Drama, War, Action sequences, Cinematography, Direction, Emotional weight, Iconic opening, Performance, Realism, Sound design, Technical achievement, Historical accuracy, Back to top",8.6,"Following the Normandy Landings, a group of U.S. soldiers go behind enemy lines to retrieve a paratrooper whose comrades have been killed in action.",https://www.imdb.com/title/tt0120815/
25. The Green Mile,"Period Drama, Prison Drama, Supernatural Fantasy, Tragedy, Crime, Drama, Fantasy, Mystery, Dramatic tension, Emotional weight, Faith, Friendship, Thought-provoking, Adaptation, Social commentary, Supernatural themes, Back to top",8.6,A death row guard learns that a gentle giant in his charge possesses a mysterious gift.,https://www.imdb.com/title/tt0120689/
