title,genres,rating,description,link
Breaking Bad,"Dark Comedy, Drug Crime, Epic, Psychological Drama, Psychological Thriller, Tragedy, Crime, Drama, Thriller, Character development, Cinematography, Dark humor, Dramatic tension, Social commentary, Suspenseful, Writing, Family dynamics, Morality, Pacing, Back to top",9.5,A chemistry teacher diagnosed with inoperable lung cancer turns to manufacturing and selling methamphetamine with a former student to secure his family's future.,https://www.imdb.com/title/tt0903747/
Planet Earth II,"Docuseries, Nature Documentary, Documentary, Cinematography, Dramatic tension, Educational, Environmentalism, Inspirational, Technical achievement, Visual spectacle, Narration, Social commentary, Sound design, Back to top",9.4,David Attenborough returns with a new wildlife documentary that shows life in a variety of habitats.,https://www.imdb.com/title/tt5491994/
Planet Earth,"Docuseries, Nature Documentary, Documentary, Family, Ambitious, Cinematography, Educational, Environmentalism, Narration, Realism, Technical achievement, Visual spectacle, Sound design, Survival, Back to top",9.4,"A documentary series on the wildlife found on Earth. Each episode covers a different habitat: deserts, mountains, deep oceans, shallow seas, forests, caves, polar regions, fresh water, plains and jungles. Narrated by David Attenborough.",https://www.imdb.com/title/tt0795176/
Band of Brothers,"Historical Epic, Tragedy, War Epic, Action, Drama, History, War, Action sequences, Authentic emotion, Character development, Cinematography, Courage, Emotional weight, Friendship, Historical accuracy, Inspirational, Realism, Back to top",9.4,"The story of Easy Company of the U.S. Army 101st Airborne Division and their mission in World War II Europe, from Operation Overlord to V-J Day.",https://www.imdb.com/title/tt0185906/
Chernobyl,"Disaster, Docudrama, Epic, Historical Epic, Period Drama, Psychological Drama, Drama, History, Thriller, Authentic emotion, Character development, Cinematography, Direction, Dramatic tension, Production design, Scientific depth, Historical accuracy, Social commentary, Back to top",9.3,"In April 1986, the city of Chernobyl in the Soviet Union suffers one of the worst nuclear disasters in the history of mankind. Consequently, many heroes put their lives on the line in the following days, weeks and months.",https://www.imdb.com/title/tt7366338/
The Wire,"Cop Drama, Drug Crime, Epic, Police Procedural, Crime, Drama, Thriller, Authentic emotion, Gritty, Narrative complexity, Performance, Realism, Social commentary, Thought-provoking, Writing, Back to top",9.3,"The Baltimore drug scene, as seen through the eyes of drug dealers and law enforcement.",https://www.imdb.com/title/tt0306414/
Avatar: The Last Airbender,"Globetrotting Adventure, Hand-Drawn Animation, Martial Arts, Quest, Supernatural Fantasy, Teen Fantasy, Action, Adventure, Animation, Family, Animation style, Character development, Emotional weight, Friendship, Generational appeal, Philosophical elements, Worldbuilding, Dramatic depth, Back to top",9.3,"In a war-torn world of elemental powers, a young boy reawakens to undertake a dangerous mystic quest to fulfill his destiny as the Avatar, and bring peace to the world.",https://www.imdb.com/title/tt0417299/
The Sopranos,"Epic, Gangster, Psychological Drama, Crime, Drama, Authentic emotion, Character development, Comedic brilliance, Dark humor, Family dynamics, Narrative complexity, Realism, Social commentary, Writing, Back to top",9.2,"New Jersey mob boss Tony Soprano deals with personal and professional issues in his home and business life that affect his mental state, leading him to seek professional psychiatric counseling.",https://www.imdb.com/title/tt0141842/
Blue Planet II,"Nature Documentary, Documentary, Cinematography, Educational, Environmentalism, Inspirational, Narration, Realism, Social commentary, Technical achievement, Visual spectacle, Sound design, Back to top",9.3,"David Attenborough returns to the world's oceans in this sequel to the acclaimed documentary filming rare and unusual creatures of the deep, as well as documenting the problems our oceans face.",https://www.imdb.com/title/tt6769208/
Cosmos: A Spacetime Odyssey,"Docuseries, Science & Technology Documentary, Documentary, Cosmic wonder, Educational, Generational appeal, Inspirational, Scientific depth, Thought-provoking, Narration, Social commentary, Back to top",9.2,An exploration of our discovery of the laws of nature and coordinates in space and time.,https://www.imdb.com/title/tt2395695/
Cosmos,"Science & Technology Documentary, Documentary, Ambitious, Cosmic wonder, Educational, Inspirational, Narration, Philosophical elements, Scientific depth, Soundtrack, Back to top",9.3,Astronomer Carl Sagan leads us on an engaging guided tour of the various elements and cosmological theories of the universe.,https://www.imdb.com/title/tt0081846/
Our Planet,"Docuseries, Nature Documentary, Documentary, Cinematography, Educational, Environmentalism, Inspirational, Technical achievement, Thought-provoking, Visual spectacle, Narration, Realism, Social commentary, Back to top",9.2,"Explores and unravels the mystery of how and why animals migrate, showing some of the most dramatic and compelling stories in the natural world through spectacular and innovative cinematography.",https://www.imdb.com/title/tt9253866/
Game of Thrones,"Action Epic, Dark Fantasy, Epic, Fantasy Epic, Psychological Drama, Sword & Sorcery, Tragedy, Action, Adventure, Drama, Action sequences, Adaptation, Character development, Cinematography, Dramatic tension, Narrative complexity, Production design, Soundtrack, Worldbuilding, Back to top",9.2,"Nine noble families fight for control over the lands of Westeros, while an ancient enemy returns after being dormant for millennia.",https://www.imdb.com/title/tt0944947/
Bluey,"Animal Adventure, Hand-Drawn Animation, Animation, Family, Authentic emotion, Comedic brilliance, Comforting, Educational, Family dynamics, Heartfelt, Inspirational, Relatable, Back to top",9.3,The slice-of-life adventures of an Australian Blue Heeler Cattle Dog puppy as she has fun with her family and friends in everyday situations.,https://www.imdb.com/title/tt7678620/
The World at War,"Docuseries, History Documentary, Military Documentary, Documentary, History, War, Authentic emotion, Educational, Emotional weight, Historical accuracy, Human experience, Narration, Realism, Thought-provoking, Social commentary, Back to top",9.2,"A groundbreaking 26-part documentary series narrated by the actor Laurence Olivier about the deadliest conflict in history, World War II.",https://www.imdb.com/title/tt0071075/
Hagane no renkinjutsushi,"Anime, Hand-Drawn Animation, Shōnen, Steampunk, Action, Adventure, Animation, Comedy, Drama, Fantasy, Action sequences, Adaptation, Animation style, Character development, Emotional stakes, Family dynamics, Philosophical elements, Soundtrack, Worldbuilding, Back to top",9.1,Two brothers search for a Philosopher's Stone after an attempt to revive their deceased mother goes awry and leaves them in damaged physical forms.,https://www.imdb.com/title/tt1355642/
Life,"Docuseries, Nature Documentary, Documentary, Ambitious, Cinematography, Educational, Inspirational, Narration, Visual spectacle, Character development, Production design, Suspenseful, Back to top",9.1,"A global view of the specialized strategies and extreme behavior that living things have developed in order to survive; what Charles Darwin termed ""the struggle for existence.""",https://www.imdb.com/title/tt1533395/
Shingeki no Kyojin,"Action Epic, Adult Animation, Anime, Body Horror, Folk Horror, Hand-Drawn Animation, Monster Horror, Shōnen, Survival, Tragedy, Action sequences, Animation style, Character development, Dystopian elements, Emotional stakes, Narrative complexity, Philosophical elements, Soundtrack, Suspenseful, Worldbuilding, Back to top",9.1,"After his hometown is destroyed, young Eren Jaeger vows to cleanse the earth of the giant humanoid Titans that have brought humanity to the brink of extinction.",https://www.imdb.com/title/tt2560140/
The Last Dance,"Basketball, Docuseries, Sports Documentary, Biography, Documentary, History, Sport, Dramatic tension, Emotional weight, Historical accuracy, Nostalgic, Personal growth, Inner conflict, Social commentary, Confusing, Back to top",9.0,"Led by Michael Jordan, the 1990s Chicago Bulls establish themselves as one of the most notable dynasties in sports history.",https://www.imdb.com/title/tt8420184/
Rick and Morty,"Adult Animation, Dark Comedy, Farce, Parody, Psychological Drama, Satire, Sitcom, Time Travel, Adventure, Animation, Comedic brilliance, Dark humor, Character development, Existential, Family dynamics, Philosophical elements, Social commentary, Derivative, Thin story, Uneven quality, Back to top",9.0,The fractured domestic lives of a nihilistic mad scientist and his anxious grandson are further complicated by their inter-dimensional misadventures.,https://www.imdb.com/title/tt2861424/
Dexter: Resurrection,"Crime, Drama, Thriller, Back to top",9.2,"Dexter Morgan awakens from a coma and sets out for New York City, determined to find Harrison and make things right. But when Miami Metro's Angel Batista arrives with questions, Dexter realizes his past is catching up to him fast.",https://www.imdb.com/title/tt33043892/
The Twilight Zone,"Body Horror, Dark Fantasy, Dystopian Sci-Fi, Psychological Drama, Psychological Horror, Space Sci-Fi, Supernatural Fantasy, Supernatural Horror, Time Travel, Drama, Back to top",9.0,"Ordinary people find themselves in extraordinarily astounding situations, which they each try to solve in a remarkable manner.",https://www.imdb.com/title/tt0052520/
The Vietnam War,"Docuseries, History Documentary, Military Documentary, Documentary, History, War, Cinematography, Educational, Authentic emotion, Emotional weight, Historical accuracy, Human experience, Narration, Social commentary, Sound design, Back to top",9.1,A comprehensive history of the United States' involvement in the bitterly divisive armed conflict in Southeast Asia.,https://www.imdb.com/title/tt1877514/
Sherlock,"Police Procedural, Whodunnit, Crime, Drama, Mystery, Thriller, Adaptation, Atmospheric, Chemistry, Cinematography, Comedic brilliance, Friendship, Performance, Suspenseful, Writing, Back to top",9.0,"The quirky spin on Conan Doyle's iconic sleuth pitches him as a ""high-functioning sociopath"" in modern-day London. Assisting him in his investigations: Afghanistan War vet John Watson, who's introduced to Holmes by a mutual acquaintance.",https://www.imdb.com/title/tt1475582/
Batman: The Animated Series,"Hand-Drawn Animation, Superhero, Urban Adventure, Action, Adventure, Animation, Crime, Family, Mystery, Sci-Fi, Animation style, Atmospheric, Character development, Dark tone, Enduring legacy, Production design, Soundtrack, Writing, Back to top",9.0,"Billionaire Bruce Wayne secretly operates as Batman, a vigilante who battles a rouges' gallery of criminals and supervillains in Gotham City with the aid of various sidekicks and allies.",https://www.imdb.com/title/tt0103359/
