title,link,image
Toronto International Film Festival 2025: Movie Scorecard,https://editorial.rottentomatoes.com/guide/toronto-international-film-festival-2025-scorecard/,https://editorial.rottentomatoes.com/wp-content/uploads/2025/09/Christy-TIFF600.jpg
"All Downton Abbey Movies and TV Seasons, Ranked by Tomatometer",https://editorial.rottentomatoes.com/guide/all-downton-abbey-movies-and-tv-seasons-ranked-by-tomatometer/,https://editorial.rottentomatoes.com/wp-content/uploads/2025/09/600_DowntonAbbeyGrandFinale.jpg
What to Watch: In Theaters and On Streaming,https://editorial.rottentomatoes.com/rt-hub/what-to-watch/,https://editorial.rottentomatoes.com/wp-content/uploads/2023/05/RT_WTW_Generic_2023_Thumbnail_600x314_021623.jpg
Awards Tour,https://editorial.rottentomatoes.com/rt-hub/awards-tour/,https://editorial.rottentomatoes.com/wp-content/uploads/2023/02/RT_AwardsTour_Thumbnail_600x314.jpg
2025 Emmy Winners: 77th Primetime & Creative Arts Emmy Winners,https://editorial.rottentomatoes.com/article/2025-emmy-winners-77th-primetime-creative-arts-emmy-winners/,https://editorial.rottentomatoes.com/wp-content/uploads/2025/04/Renewed_Cancelled_Studio-Rep.jpg
Weekend Box Office:The Conjuring: Last RitesContinues WB’s Hot Streak,https://editorial.rottentomatoes.com/article/weekend-box-office-the-conjuring-last-rites-continues-wbs-hot-streak/,https://editorial.rottentomatoes.com/wp-content/uploads/2025/09/Conjuring_Last_Rites_BO1-Rep.jpg
