title,link,image,genres,rating,description,type,metascore,user_score,platform
Toronto International Film Festival 2025: Movie Scorecard,https://editorial.rottentomatoes.com/guide/toronto-international-film-festival-2025-scorecard/,https://editorial.rottentomatoes.com/wp-content/uploads/2025/09/Christy-TIFF600.jpg,,,,,,,
"All Downton Abbey Movies and TV Seasons, Ranked by Tomatometer",https://editorial.rottentomatoes.com/guide/all-downton-abbey-movies-and-tv-seasons-ranked-by-tomatometer/,https://editorial.rottentomatoes.com/wp-content/uploads/2025/09/600_DowntonAbbeyGrandFinale.jpg,,,,,,,
What to Watch: In Theaters and On Streaming,https://editorial.rottentomatoes.com/rt-hub/what-to-watch/,https://editorial.rottentomatoes.com/wp-content/uploads/2023/05/RT_WTW_Generic_2023_Thumbnail_600x314_021623.jpg,,,,,,,
Awards Tour,https://editorial.rottentomatoes.com/rt-hub/awards-tour/,https://editorial.rottentomatoes.com/wp-content/uploads/2023/02/RT_AwardsTour_Thumbnail_600x314.jpg,,,,,,,
2025 Emmy Winners: 77th Primetime & Creative Arts Emmy Winners,https://editorial.rottentomatoes.com/article/2025-emmy-winners-77th-primetime-creative-arts-emmy-winners/,https://editorial.rottentomatoes.com/wp-content/uploads/2025/04/Renewed_Cancelled_Studio-Rep.jpg,,,,,,,
Weekend Box Office:The Conjuring: Last RitesContinues WB’s Hot Streak,https://editorial.rottentomatoes.com/article/weekend-box-office-the-conjuring-last-rites-continues-wbs-hot-streak/,https://editorial.rottentomatoes.com/wp-content/uploads/2025/09/Conjuring_Last_Rites_BO1-Rep.jpg,,,,,,,
The Conjuring: Last Rites,https://www.imdb.com/title/tt22898462/?ref_=chtmvm_t_1,,"Supernatural Horror, Horror, Mystery, Thriller, Back to top",,Paranormal investigators Ed and Lorraine Warren take on one last terrifying case involving mysterious entities they must confront.,,,,
The Thursday Murder Club,https://www.imdb.com/title/tt12001534/?ref_=chtmvm_t_2,,"Whodunnit, Comedy, Crime, Mystery, Thriller, Back to top",,"Four irrepressible retirees spend their time solving cold case murders for fun, but their casual sleuthing takes a thrilling turn when they find themselves with a real whodunit on their hands.",,,,
Highest 2 Lowest,https://www.imdb.com/title/tt31194612/?ref_=chtmvm_t_3,,"Police Procedural, Crime, Drama, Mystery, Thriller, Back to top",,"When a titan music mogul is targeted with a ransom plot, he is jammed up in a life-or-death moral dilemma.",,,,
Weapons,https://www.imdb.com/title/tt26581740/?ref_=chtmvm_t_4,,"Dark Comedy, Psychological Horror, Supernatural Horror, Witch Horror, Horror, Mystery, Back to top",,"When all but one child from the same class mysteriously vanish on the same night at exactly the same time, a community is left questioning who or what is behind their disappearance.",,,,
Wuthering Heights,https://www.imdb.com/title/tt32897959/?ref_=chtmvm_t_5,,"Drama, Romance, Back to top",,"A passionate and tumultuous love story set against the backdrop of the Yorkshire moors, exploring the intense and destructive relationship between Heathcliff and Catherine Earnshaw.",,,,
Unknown Number: The High School Catfish,https://www.imdb.com/title/tt37674426/?ref_=chtmvm_t_6,,"Crime Documentary, True Crime, Crime, Documentary, Back to top",,A teen girl and her boyfriend face persistent harassment from an unknown caller. Police investigating the months of torment discover a revelation that upends their initial assumptions.,,,,
The Naked Gun,https://www.imdb.com/title/tt3402138/?ref_=chtmvm_t_7,,"Bumbling Detective, Parody, Satire, Slapstick, Action, Comedy, Crime, Back to top",,Only one man has the particular set of skills - to lead Police Squad and save the world.,,,,
Caught Stealing,https://www.imdb.com/title/tt1493274/?ref_=chtmvm_t_8,,"Dark Comedy, Gangster, Psychological Drama, Psychological Thriller, Comedy, Crime, Thriller, Back to top",,"Burned-out ex-baseball player Hank Thompson unexpectedly finds himself embroiled in a dangerous struggle for survival amidst the criminal underbelly of 1990s New York City, forced to navigate a treacherous underworld he never imagined.",,,,
Nobody 2,https://www.imdb.com/title/tt28996126/?ref_=chtmvm_t_9,,"Dark Comedy, One-Person Army Action, Action, Comedy, Crime, Thriller, Back to top",,"Suburban dad Hutch Mansell, a former lethal assassin, is pulled back into his violent past after thwarting a home invasion, setting off a chain of events",,,,
Lilo & Stitch,https://www.imdb.com/title/tt11655566/?ref_=chtmvm_t_10,,"Action Epic, Adventure Epic, Alien Invasion, Buddy Comedy, Epic, Fantasy Epic, Sci-Fi Epic, Space Sci-Fi, Action, Adventure, Atmospheric, Chemistry, Comedic elements, Emotional stakes, Family dynamics, Performance, Visual innovation, Character development, Direction, Back to top",,"A lonely Hawaiian girl befriends a runaway alien, helping to mend her fragmented family.",,,,
Thunderbolts*,https://www.imdb.com/title/tt20969586/?ref_=chtmvm_t_11,,"Dark Fantasy, Political Drama, Psychological Drama, Superhero, Action, Adventure, Crime, Drama, Fantasy, Sci-Fi, Action sequences, Authentic emotion, Character development, Chemistry, Comedic elements, Friendship, Great ensemble, Inner conflict, Mental health, Performance, Back to top",,"After finding themselves ensnared in a death trap, an unconventional team of antiheroes must go on a dangerous mission that will force them to confront the darkest corners of their pasts.",,,,
Superman,https://www.imdb.com/title/tt5950044/?ref_=chtmvm_t_12,,"Action Epic, Adventure Epic, Epic, Sci-Fi Epic, Superhero, Action, Adventure, Sci-Fi, Action sequences, Visual spectacle, Chemistry, Comedic elements, Direction, Great ensemble, Performance, Atmospheric, Character development, Worldbuilding, Back to top",,"Superman must reconcile his alien Kryptonian heritage with his human upbringing as reporter Clark Kent. As the embodiment of truth, justice and the human way he soon finds himself in a world that views these as old-fashioned.",,,,
F1,https://www.imdb.com/title/tt16311594/?ref_=chtmvm_t_13,,"Car Action, Motorsport, Action, Drama, Sport, Action sequences, Cinematography, Exciting, Great ensemble, Performance, Sound design, Formulaic, Over-the-top, Thin story, Uneven quality, Back to top",,A Formula One driver comes out of retirement to mentor and team up with a younger driver.,,,,
KPop Demon Hunters,https://www.imdb.com/title/tt14205554/?ref_=chtmvm_t_14,,"Computer Animation, Pop Musical, Action, Adventure, Animation, Comedy, Family, Fantasy, Music, Musical, Animation style, Chemistry, Friendship, Genre blending, Identity, Soundtrack, Supernatural themes, Uplifting, Visual innovation, Thin story, Back to top",,A world-renowned K-Pop girl group balance their lives in the spotlight with their secret identities as demon hunters.,,,,
The Roses,https://www.imdb.com/title/tt31973693/?ref_=chtmvm_t_15,,"Dark Comedy, Satire, Screwball Comedy, Tragedy, Comedy, Back to top",,A tinderbox of competition and resentments underneath the façade of a picture-perfect couple is ignited when the husband's professional dreams come crashing down.,,,,
Die My Love,https://www.imdb.com/title/tt9362736/?ref_=chtmvm_t_16,,"Dark Comedy, Comedy, Drama, Thriller, Back to top",,"In a remote forgotten rural area, a mother struggles to maintain her sanity as she battles with psychosis.",,,,
The Conjuring,https://www.imdb.com/title/tt1457767/?ref_=chtmvm_t_17,,"Supernatural Horror, Suspense Mystery, Horror, Mystery, Thriller, Atmospheric, Cinematography, Horror craft, Jumpscares, Sound design, Supernatural themes, Suspenseful, Derivative, Thin story, Back to top",,Paranormal investigators Ed and Lorraine Warren work to help a family terrorized by a dark presence in their farmhouse.,,,,
The Smashing Machine,https://www.imdb.com/title/tt11214558/?ref_=chtmvm_t_18,,"Boxing, Docudrama, Action, Biography, Drama, History, Sport, Back to top",,The story of mixed-martial arts and UFC champion Mark Kerr.,,,,
Friendship,https://www.imdb.com/title/tt30505698/?ref_=chtmvm_t_19,,"Comedy, Comedic elements, Dark humor, Subversive, Unpredictable, Emotional stakes, Friendship, Mental health, Realism, Thin story, Back to top",,A suburban dad falls hard for his charismatic new neighbor.,,,,
The Long Walk,https://www.imdb.com/title/tt10374610/?ref_=chtmvm_t_20,,"Horror, Back to top",,"A group of teenage boys compete in an annual contest known as ""The Long Walk,"" where they must maintain a certain walking speed or get shot.",,,,
Together,https://www.imdb.com/title/tt31184028/?ref_=chtmvm_t_21,,"Body Horror, Psychological Horror, Horror, Romance, Back to top",,"Years into their relationship, Tim and Millie find themselves at a crossroads as they move to the country. With tensions already flaring, an encounter with an unnatural force threatens to corrupt their lives, their love and their flesh.",,,,
Sinners,https://www.imdb.com/title/tt31193180/?ref_=chtmvm_t_22,,"Folk Horror, Period Drama, Supernatural Horror, Vampire Horror, Action, Drama, Horror, Music, Thriller, Atmospheric, Cinematography, Direction, Gothic, Performance, Social commentary, Soundtrack, Supernatural themes, Narrative complexity, Back to top",,"Trying to leave their troubled lives behind, twin brothers return to their hometown to start again, only to discover that an even greater evil is waiting to welcome them back.",,,,
28 Years Later,https://www.imdb.com/title/tt10548174/?ref_=chtmvm_t_23,,"Zombie Horror, Horror, Sci-Fi, Thriller, Action sequences, Atmospheric, Cinematography, Performance, Sound design, Suspenseful, Character development, Survival, Pacing, Uneven quality, Back to top",,"A group of survivors of the rage virus live on a small island. When one of the group leaves the island on a mission into the mainland, he discovers secrets, wonders, and horrors that have mutated not only the infected but other survivors.",,,,
Mission: Impossible - The Final Reckoning,https://www.imdb.com/title/tt9603208/?ref_=chtmvm_t_24,,"Action Epic, Adventure Epic, Spy, Action, Adventure, Thriller, Action sequences, Cinematography, Great ensemble, Iconic imagery, Iconic performance, Set pieces, Stunts, Visual spectacle, Pacing, Back to top",,"Hunt and the IMF pursue a dangerous AI called the Entity that's infiltrated global intelligence. With governments and a figure from his past in pursuit, Hunt races to stop it from forever changing the world.",,,,
Jurassic World: Rebirth,https://www.imdb.com/title/tt31036941/?ref_=chtmvm_t_25,,"Dinosaur Adventure, Action, Adventure, Sci-Fi, Thriller, Back to top",,"Five years post-Jurassic World: Dominion (2022), an expedition braves isolated equatorial regions to extract DNA from three massive prehistoric creatures for a groundbreaking medical breakthrough.",,,,
Wednesday,https://www.imdb.com/title/tt13443470/?ref_=chttvm_t_1,,,,"Follows Wednesday Addams' years as a student, when she attempts to master her emerging psychic ability, thwart a killing spree, and solve the mystery that embroiled her parents.",,,,
Dexter: Resurrection,https://www.imdb.com/title/tt33043892/?ref_=chttvm_t_2,,,,"Dexter Morgan awakens from a coma and sets out for New York City, determined to find Harrison and make things right. But when Miami Metro's Angel Batista arrives with questions, Dexter realizes his past is catching up to him fast.",,,,
Alien: Earth,https://www.imdb.com/title/tt13623632/?ref_=chttvm_t_3,,,,"When a mysterious space vessel crash-lands on Earth, a young woman and a ragtag group of tactical soldiers make a fateful discovery that puts them face-to-face with the planet's greatest threat.",,,,
The Paper,https://www.imdb.com/title/tt32159809/?ref_=chttvm_t_4,,,,"Documentary crew searches for new subject, finding a dying Midwestern newspaper and its publisher's efforts to revive it using volunteer reporters.",,,,
The Terminal List: Dark Wolf,https://www.imdb.com/title/tt26576161/?ref_=chttvm_t_5,,,,Navy SEAL Ben Edwards' abrupt discharge from the military lands him a new job working with a mysterious CIA operative. As he delves deeper into the world of covert intelligence he struggles with the moral gray areas of clandestine operations.,,,,
Peacemaker,https://www.imdb.com/title/tt13146488/?ref_=chttvm_t_6,,,,"Picking up where The Suicide Squad (2021) left off, Peacemaker returns home after recovering from his encounter with Bloodsport - only to discover that his freedom comes at a price.",,,,
The Summer I Turned Pretty,https://www.imdb.com/title/tt14016500/?ref_=chttvm_t_7,,,,"A love triangle between one girl and two brothers. A story about first love, first heartbreak, and the magic of that one perfect summer.",,,,
Dexter,https://www.imdb.com/title/tt0773262/?ref_=chttvm_t_8,,,,"He's smart. He's lovable. He's Dexter Morgan, America's favorite serial killer, who spends his days solving crimes and his nights committing them.",,,,
Game of Thrones,https://www.imdb.com/title/tt0944947/?ref_=chttvm_t_9,,,,"Nine noble families fight for control over the lands of Westeros, while an ancient enemy returns after being dormant for millennia.",,,,
My Life with the Walter Boys,https://www.imdb.com/title/tt8323628/?ref_=chttvm_t_10,,,,"Jackie Howard's life is disrupted by a freak accident, she is ripped from her home and has to start over on a ranch in Colorado, with her guardian and a family of nine boys and one girl.",,,,
Hostage,https://www.imdb.com/title/tt31806048/?ref_=chttvm_t_11,,,,"When the PM's husband is kidnapped and the visiting French President is blackmailed, the two political leaders face unimaginable choices. Forced into a fierce rivalry can they work together to uncover the plot that threatens them both?",,,,
Breaking Bad,https://www.imdb.com/title/tt0903747/?ref_=chttvm_t_12,,,,A chemistry teacher diagnosed with inoperable lung cancer turns to manufacturing and selling methamphetamine with a former student to secure his family's future.,,,,
Foundation,https://www.imdb.com/title/tt0804484/?ref_=chttvm_t_13,,,,A complex saga of humans scattered on planets throughout the galaxy all living under the rule of the Galactic Empire.,,,,
NCIS: Tony & Ziva,https://www.imdb.com/title/tt31512256/?ref_=chttvm_t_14,,,,"After Ziva's apparent death, Tony raises their daughter Tali. Years later, Ziva returns and reunites with Tony. Tony's company is attacked, and the family travels to Europe to learn who's after them and how to trust each other again.",,,,
Task,https://www.imdb.com/title/tt28013708/?ref_=chttvm_t_15,,,,"In the working class suburbs of Philadelphia, an FBI agent heads a Task Force to put an end to a string of violent robberies led by an unsuspecting family man.",,,,
Countdown,https://www.imdb.com/title/tt32559610/?ref_=chttvm_t_16,,,,"An LAPD officer joins a secret task force to investigate a suspicious murder, but uncovers a sinister plot that requires the team to unite and save millions in the city.",,,,
Stranger Things,https://www.imdb.com/title/tt4574334/?ref_=chttvm_t_17,,,,"In 1980s Indiana, a group of young friends witness supernatural forces and secret government exploits. As they search for answers, the children unravel a series of extraordinary mysteries.",,,,
The Terminal List,https://www.imdb.com/title/tt11743610/?ref_=chttvm_t_18,,,,A former Navy SEAL officer investigates why his entire platoon was ambushed during a high-stakes covert mission.,,,,
Star Trek: Strange New Worlds,https://www.imdb.com/title/tt12327578/?ref_=chttvm_t_19,,,,"A prequel to Star Trek (1966), this series follows the crew of the USS Enterprise under the command of Captain Christopher Pike.",,,,
The Rookie,https://www.imdb.com/title/tt7587890/?ref_=chttvm_t_20,,,,"Starting over isn't easy, especially for John Nolan who, after a life-altering incident, is pursuing his dream of joining the LAPD. As their oldest rookie, he's met with skepticism from those who see him as just a walking midlife crisis.",,,,
Yellowstone,https://www.imdb.com/title/tt4236770/?ref_=chttvm_t_21,,,,A ranching family in Montana faces off against others encroaching on their land.,,,,
Chief of War,https://www.imdb.com/title/tt19381692/?ref_=chttvm_t_22,,,,"A thrilling, unprecedented telling of the unification of the Hawaiian Islands from an indigenous perspective. A Hawaiian war chief joins a bloody campaign to unite the warring islands in order to save them from the threat of colonization.",,,,
The Runarounds,https://www.imdb.com/title/tt30274061/?ref_=chttvm_t_23,,,,A high school band graduates and attempts to achieve fame and success in the music industry.,,,,
The Guest,https://www.imdb.com/title/tt35562988/?ref_=chttvm_t_24,,,,"A cleaner becomes captivated by her wealthy employer's charismatic influence. As their intense friendship grows and secrets emerge, their relationship spirals into a dangerous psychological game where nothing is quite what it seems.",,,,
MobLand,https://www.imdb.com/title/tt31510819/?ref_=chttvm_t_25,,,,"Power is up for grabs as two warring crime families clash in a battle that threatens to topple empires. In the crossfire stands Harry Da Souza, a street-smart 'fixer' who knows too well where loyalties lie when opposing forces collide.",,,,
"Certified fresh score.
83%
Fresh audience score.
91%
The Sound of Music
Re-releasing Sep 12, 2025",https://www.rottentomatoes.com/m/sound_of_music,,,,,,,,
"Fresh score.
100%
No audience score yet.
- -
Dreams
Opens Sep 12, 2025",https://www.rottentomatoes.com/m/dreams_2024,,,,,,,,
"No score yet.
- -
No audience score yet.
- -
Triumph of the Heart
Opens Sep 12, 2025",https://www.rottentomatoes.com/m/triumph_of_the_heart,,,,,,,,
"No score yet.
- -
No audience score yet.
- -
Bodyguard of Lies
Opens Sep 12, 2025",https://www.rottentomatoes.com/m/bodyguard_of_lies,,,,,,,,
"No score yet.
- -
No audience score yet.
- -
Clemente
Opens Sep 12, 2025",https://www.rottentomatoes.com/m/clemente,,,,,,,,
"Fresh score.
78%
No audience score yet.
- -
Sunfish (& Other Stories on Green Lake)
Opens Sep 12, 2025",https://www.rottentomatoes.com/m/sunfish_and_other_stories_on_green_lake,,,,,,,,
"No score yet.
- -
No audience score yet.
- -
Women in Christ
Opens Sep 12, 2025",https://www.rottentomatoes.com/m/women_in_christ,,,,,,,,
"No score yet.
- -
No audience score yet.
- -
Tin Solider
Opens Sep 12, 2025",https://www.rottentomatoes.com/m/tin_solider,,,,,,,,
"No score yet.
- -
No audience score yet.
- -
A Beast Touch the Mountain
Opens Sep 12, 2025",https://www.rottentomatoes.com/m/a_beast_touch_the_mountain,,,,,,,,
"No score yet.
- -
No audience score yet.
- -
Where to Land
Opens Sep 12, 2025",https://www.rottentomatoes.com/m/where_to_land,,,,,,,,
"No score yet.
- -
No audience score yet.
- -
Nikka Zaildar 4
Opens Sep 12, 2025",https://www.rottentomatoes.com/m/nikka_zaildar_4,,,,,,,,
,https://www.metacritic.com/,,,,,unknown,,,
,https://www.metacritic.com/game/,,,,,game,,,
,https://www.metacritic.com/pictures/every-nintendo-franchise-ranked-worst-to-best/,,,,,unknown,,,
,https://www.metacritic.com/news/new-free-games-playstation-xbox-pc/,,,,,unknown,,,
,https://www.metacritic.com/news/xbox-game-pass-library/,,,,,unknown,,,
,https://www.metacritic.com/browse/game/all/all/current-year/,,,,,game,,,
,https://www.metacritic.com/browse/game/,,,,,game,,,
,https://www.metacritic.com/browse/game/?releaseType=coming-soon,,,,,game,,,
,https://www.metacritic.com/browse/game/ps5/all/all-time/new/?platform=ps5,,,,,game,,,
,https://www.metacritic.com/browse/game/xbox-series-x/all/all-time/new/?platform=xbox-series-x,,,,,game,,,
,https://www.metacritic.com/browse/game/pc/all/all-time/new/?platform=pc,,,,,game,,,
,https://www.metacritic.com/browse/game/all/all/all-time/new/?platform=nintendo-switch-2&platform=nintendo-switch,,,,,game,,,
,https://www.metacritic.com/browse/game/,,,,,game,,,
,https://www.metacritic.com/news/major-new-and-upcoming-video-games-ps5-xbox-switch-pc/,,,,,unknown,,,
,https://www.metacritic.com/game/hollow-knight-silksong/,,,,,game,,,
,https://www.metacritic.com/game/nhl-26/,,,,,game,,,
,https://www.metacritic.com/game/dead-reset/,,,,,game,,,
,https://www.metacritic.com/game/cronos-the-new-dawn/,,,,,game,,,
,https://www.metacritic.com/game/nba-2k26/,,,,,game,,,
,https://www.metacritic.com/game/hell-is-us/,,,,,game,,,
,https://www.metacritic.com/game/lost-soul-aside/,,,,,game,,,
,https://www.metacritic.com/game/shinobi-art-of-vengeance/,,,,,game,,,
,https://www.metacritic.com/game/metal-gear-solid-delta-snake-eater/,,,,,game,,,
,https://www.metacritic.com/browse/game/,,,,,game,,,
,https://www.metacritic.com/movie/,,,,,movie,,,
,https://www.metacritic.com/pictures/september-2025-movie-preview/,,,,,unknown,,,
,https://www.metacritic.com/news/upcoming-movie-release-dates-schedule/,,,,,unknown,,,
,https://www.metacritic.com/news/dvd-blu-ray-new-and-upcoming-release-calendar/,,,,,unknown,,,
,https://www.metacritic.com/browse/movie/all/all/current-year/,,,,,movie,,,
,https://www.metacritic.com/browse/movie/,,,,,movie,,,
,https://www.metacritic.com/browse/movie/netflix/,,,,,movie,,,
,https://www.metacritic.com/browse/movie/hulu/,,,,,movie,,,
,https://www.metacritic.com/browse/movie/prime-video/,,,,,movie,,,
,https://www.metacritic.com/browse/movie/max/,,,,,movie,,,
,https://www.metacritic.com/browse/movie/paramount-plus/,,,,,movie,,,
,https://www.metacritic.com/browse/movie/,,,,,movie,,,
,https://www.metacritic.com/news/upcoming-movie-release-dates-schedule/,,,,,unknown,,,
,https://www.metacritic.com/movie/the-conjuring-last-rites/,,,,,movie,,,
,https://www.metacritic.com/movie/splitsville/,,,,,movie,,,
,https://www.metacritic.com/movie/twinless/,,,,,movie,,,
,https://www.metacritic.com/movie/caught-stealing/,,,,,movie,,,
,https://www.metacritic.com/movie/the-roses/,,,,,movie,,,
,https://www.metacritic.com/movie/the-toxic-avenger-2023/,,,,,movie,,,
,https://www.metacritic.com/movie/the-thursday-murder-club/,,,,,movie,,,
,https://www.metacritic.com/movie/eden-2024/,,,,,movie,,,
,https://www.metacritic.com/movie/honey-dont/,,,,,movie,,,
,https://www.metacritic.com/browse/movie/?releaseType=in-theaters,,,,,movie,,,
,https://www.metacritic.com/tv/,,,,,tv,,,
,https://www.metacritic.com/pictures/september-2025-tv-preview/,,,,,unknown,,,
,https://www.metacritic.com/news/tv-renew-cancel-scorecard/,,,,,unknown,,,
,https://www.metacritic.com/news/what-to-watch-on-apple-tv-right-now/,,,,,unknown,,,
,https://www.metacritic.com/news/what-to-watch-on-disney-plus-right-now/,,,,,unknown,,,
,https://www.metacritic.com/news/what-to-watch-on-max-right-now/,,,,,unknown,,,
,https://www.metacritic.com/news/what-to-watch-on-hulu-right-now/,,,,,unknown,,,
,https://www.metacritic.com/news/what-to-watch-on-netflix-right-now/,,,,,unknown,,,
,https://www.metacritic.com/news/what-to-watch-on-paramount-plus-right-now/,,,,,unknown,,,
,https://www.metacritic.com/news/what-to-watch-on-peacock-right-now/,,,,,unknown,,,
,https://www.metacritic.com/news/what-to-watch-on-prime-video-right-now/,,,,,unknown,,,
,https://www.metacritic.com/browse/tv/,,,,,tv,,,
,https://www.metacritic.com/news/tv-premiere-dates/,,,,,unknown,,,
,https://www.metacritic.com/tv/the-lowdown/,,,,,tv,,,
,https://www.metacritic.com/tv/black-rabbit/,,,,,tv,,,
,https://www.metacritic.com/tv/the-girlfriend/,,,,,tv,,,
,https://www.metacritic.com/tv/only-murders-in-the-building/season-5/,,,,,tv,,,
,https://www.metacritic.com/tv/task/,,,,,tv,,,
,https://www.metacritic.com/tv/the-walking-dead-daryl-dixon/season-3/,,,,,tv,,,
,https://www.metacritic.com/tv/ncis-tony-ziva/,,,,,tv,,,
,https://www.metacritic.com/tv/the-paper-2025/,,,,,tv,,,
,https://www.metacritic.com/tv/the-terminal-list-dark-wolf/,,,,,tv,,,
,https://www.metacritic.com/browse/tv/all/all/all-time/new/,,,,,tv,,,
,https://www.metacritic.com/music/,,,,,unknown,,,
SWAG II,https://www.metacritic.com/music/swag-ii/justin-bieber,,,,,music,48.0,tbd,
DOUBLE INFINITY,https://www.metacritic.com/music/double-infinity/big-thief,,,,,music,87.0,tbd,
WHO IS THE SKY?,https://www.metacritic.com/music/who-is-the-sky/david-byrne,,,,,music,79.0,tbd,
MAN'S BEST FRIEND,https://www.metacritic.com/music/mans-best-friend/sabrina-carpenter,,,,,music,75.0,tbd,
STRAIGHT LINE WAS A LIE,https://www.metacritic.com/music/straight-line-was-a-lie/the-beths,,,,,music,78.0,tbd,
"YOU HEARTBREAKER, YOU",https://www.metacritic.com/music/you-heartbreaker-you/jehnny-beth,,,,,music,73.0,tbd,
ESSEX HONEY,https://www.metacritic.com/music/essex-honey/blood-orange,,,,,music,89.0,tbd,
THE HIVES FOREVER FOREVER THE HIVES,https://www.metacritic.com/music/the-hives-forever-forever-the-hives/the-hives,,,,,music,82.0,tbd,
EGO DEATH AT A BACHELORETTE PARTY,https://www.metacritic.com/music/ego-death-at-a-bachelorette-party/hayley-williams,,,,,music,90.0,tbd,
ESCAPE ROOM,https://www.metacritic.com/music/escape-room/teyana-taylor,,,,,music,77.0,tbd,
,https://www.metacritic.com/music/,,,,,unknown,,,
,https://www.metacritic.com/news/,,,,,unknown,,,
,https://www.metacritic.com/,,,,,unknown,,,
,https://www.metacritic.com/browse/game/,,,,,game,,,
,https://www.metacritic.com/browse/movie/,,,,,movie,,,
,https://www.metacritic.com/browse/tv/,,,,,tv,,,
,https://www.metacritic.com/movie/dekalog-1988/,,,,,movie,,,
,https://www.metacritic.com/movie/three-colors-red/,,,,,movie,,,
,https://www.metacritic.com/movie/casablanca/,,,,,movie,,,
,https://www.metacritic.com/movie/boyhood/,,,,,movie,,,
,https://www.metacritic.com/movie/rear-window/,,,,,movie,,,
,https://www.metacritic.com/movie/citizen-kane-1941/,,,,,movie,,,
,https://www.metacritic.com/movie/the-conformist-re-release/,,,,,movie,,,
,https://www.metacritic.com/movie/the-godfather/,,,,,movie,,,
,https://www.metacritic.com/movie/tokyo-story/,,,,,movie,,,
,https://www.metacritic.com/movie/the-leopard-re-release/,,,,,movie,,,
,https://www.metacritic.com/movie/lawrence-of-arabia-re-release/,,,,,movie,,,
,https://www.metacritic.com/movie/notorious-1946/,,,,,movie,,,
,https://www.metacritic.com/movie/vertigo-1958/,,,,,movie,,,
,https://www.metacritic.com/movie/fanny-and-alexander-re-release/,,,,,movie,,,
,https://www.metacritic.com/movie/singin-in-the-rain/,,,,,movie,,,
,https://www.metacritic.com/movie/playtime/,,,,,movie,,,
,https://www.metacritic.com/movie/touch-of-evil/,,,,,movie,,,
,https://www.metacritic.com/movie/army-of-shadows/,,,,,movie,,,
,https://www.metacritic.com/movie/city-lights/,,,,,movie,,,
,https://www.metacritic.com/movie/moonlight-2016/,,,,,movie,,,
,https://www.metacritic.com/movie/intolerance/,,,,,movie,,,
,https://www.metacritic.com/movie/the-rules-of-the-game/,,,,,movie,,,
,https://www.metacritic.com/movie/pinocchio-1940/,,,,,movie,,,
,https://www.metacritic.com/movie/seven-samurai-1954/,,,,,movie,,,
,https://www.metacritic.com/,,,,,unknown,,,
,https://www.metacritic.com/about-us/,,,,,unknown,,,
