title,link,genres,description,rating
Wednesday,https://www.imdb.com/title/tt13443470/?ref_=chttvm_t_1,N/A,"Follows Wednesday Addams' years as a student, when she attempts to master her emerging psychic ability, thwart a killing spree, and solve the mystery that embroiled her parents.",8.0
Dexter: Resurrection,https://www.imdb.com/title/tt33043892/?ref_=chttvm_t_2,N/A,"Dexter Morgan awakens from a coma and sets out for New York City, determined to find Harrison and make things right. But when Miami Metro's Angel Batista arrives with questions, Dexter realizes his past is catching up to him fast.",9.2
Alien: Earth,https://www.imdb.com/title/tt13623632/?ref_=chttvm_t_3,N/A,"When a mysterious space vessel crash-lands on Earth, a young woman and a ragtag group of tactical soldiers make a fateful discovery that puts them face-to-face with the planet's greatest threat.",7.6
The Paper,https://www.imdb.com/title/tt32159809/?ref_=chttvm_t_4,N/A,"Documentary crew searches for new subject, finding a dying Midwestern newspaper and its publisher's efforts to revive it using volunteer reporters.",7.1
The Terminal List: Dark Wolf,https://www.imdb.com/title/tt26576161/?ref_=chttvm_t_5,N/A,Navy SEAL Ben Edwards' abrupt discharge from the military lands him a new job working with a mysterious CIA operative. As he delves deeper into the world of covert intelligence he struggles with the moral gray areas of clandestine operations.,7.9
Peacemaker,https://www.imdb.com/title/tt13146488/?ref_=chttvm_t_6,N/A,"Picking up where The Suicide Squad (2021) left off, Peacemaker returns home after recovering from his encounter with Bloodsport - only to discover that his freedom comes at a price.",8.3
The Summer I Turned Pretty,https://www.imdb.com/title/tt14016500/?ref_=chttvm_t_7,N/A,"A love triangle between one girl and two brothers. A story about first love, first heartbreak, and the magic of that one perfect summer.",7.3
Dexter,https://www.imdb.com/title/tt0773262/?ref_=chttvm_t_8,N/A,"He's smart. He's lovable. He's Dexter Morgan, America's favorite serial killer, who spends his days solving crimes and his nights committing them.",8.6
Game of Thrones,https://www.imdb.com/title/tt0944947/?ref_=chttvm_t_9,N/A,"Nine noble families fight for control over the lands of Westeros, while an ancient enemy returns after being dormant for millennia.",9.2
My Life with the Walter Boys,https://www.imdb.com/title/tt8323628/?ref_=chttvm_t_10,N/A,"Jackie Howard's life is disrupted by a freak accident, she is ripped from her home and has to start over on a ranch in Colorado, with her guardian and a family of nine boys and one girl.",6.9
Hostage,https://www.imdb.com/title/tt31806048/?ref_=chttvm_t_11,N/A,"When the PM's husband is kidnapped and the visiting French President is blackmailed, the two political leaders face unimaginable choices. Forced into a fierce rivalry can they work together to uncover the plot that threatens them both?",6.5
Breaking Bad,https://www.imdb.com/title/tt0903747/?ref_=chttvm_t_12,N/A,A chemistry teacher diagnosed with inoperable lung cancer turns to manufacturing and selling methamphetamine with a former student to secure his family's future.,9.5
Foundation,https://www.imdb.com/title/tt0804484/?ref_=chttvm_t_13,N/A,A complex saga of humans scattered on planets throughout the galaxy all living under the rule of the Galactic Empire.,7.6
NCIS: Tony & Ziva,https://www.imdb.com/title/tt31512256/?ref_=chttvm_t_14,N/A,"After Ziva's apparent death, Tony raises their daughter Tali. Years later, Ziva returns and reunites with Tony. Tony's company is attacked, and the family travels to Europe to learn who's after them and how to trust each other again.",7.5
Task,https://www.imdb.com/title/tt28013708/?ref_=chttvm_t_15,N/A,"In the working class suburbs of Philadelphia, an FBI agent heads a Task Force to put an end to a string of violent robberies led by an unsuspecting family man.",7.6
Countdown,https://www.imdb.com/title/tt32559610/?ref_=chttvm_t_16,N/A,"An LAPD officer joins a secret task force to investigate a suspicious murder, but uncovers a sinister plot that requires the team to unite and save millions in the city.",6.8
Stranger Things,https://www.imdb.com/title/tt4574334/?ref_=chttvm_t_17,N/A,"In 1980s Indiana, a group of young friends witness supernatural forces and secret government exploits. As they search for answers, the children unravel a series of extraordinary mysteries.",8.6
The Terminal List,https://www.imdb.com/title/tt11743610/?ref_=chttvm_t_18,N/A,A former Navy SEAL officer investigates why his entire platoon was ambushed during a high-stakes covert mission.,7.9
Star Trek: Strange New Worlds,https://www.imdb.com/title/tt12327578/?ref_=chttvm_t_19,N/A,"A prequel to Star Trek (1966), this series follows the crew of the USS Enterprise under the command of Captain Christopher Pike.",8.3
The Rookie,https://www.imdb.com/title/tt7587890/?ref_=chttvm_t_20,N/A,"Starting over isn't easy, especially for John Nolan who, after a life-altering incident, is pursuing his dream of joining the LAPD. As their oldest rookie, he's met with skepticism from those who see him as just a walking midlife crisis.",8.0
Yellowstone,https://www.imdb.com/title/tt4236770/?ref_=chttvm_t_21,N/A,A ranching family in Montana faces off against others encroaching on their land.,8.6
Chief of War,https://www.imdb.com/title/tt19381692/?ref_=chttvm_t_22,N/A,"A thrilling, unprecedented telling of the unification of the Hawaiian Islands from an indigenous perspective. A Hawaiian war chief joins a bloody campaign to unite the warring islands in order to save them from the threat of colonization.",7.6
The Runarounds,https://www.imdb.com/title/tt30274061/?ref_=chttvm_t_23,N/A,A high school band graduates and attempts to achieve fame and success in the music industry.,7.6
The Guest,https://www.imdb.com/title/tt35562988/?ref_=chttvm_t_24,N/A,"A cleaner becomes captivated by her wealthy employer's charismatic influence. As their intense friendship grows and secrets emerge, their relationship spirals into a dangerous psychological game where nothing is quite what it seems.",6.8
MobLand,https://www.imdb.com/title/tt31510819/?ref_=chttvm_t_25,N/A,"Power is up for grabs as two warring crime families clash in a battle that threatens to topple empires. In the crossfire stands Harry Da Souza, a street-smart 'fixer' who knows too well where loyalties lie when opposing forces collide.",8.4
