title,link,image,genres,rating,description,type,metascore,user_score,platform,metascore_clean,user_score_clean
,https://www.metacritic.com/movie/,,,,,movie,,,,,
,https://www.metacritic.com/browse/movie/all/all/current-year/,,,,,movie,,,,,
,https://www.metacritic.com/browse/movie/,,,,,movie,,,,,
,https://www.metacritic.com/browse/movie/netflix/,,,,,movie,,,,,
,https://www.metacritic.com/browse/movie/hulu/,,,,,movie,,,,,
,https://www.metacritic.com/browse/movie/prime-video/,,,,,movie,,,,,
,https://www.metacritic.com/browse/movie/max/,,,,,movie,,,,,
,https://www.metacritic.com/browse/movie/paramount-plus/,,,,,movie,,,,,
,https://www.metacritic.com/browse/movie/,,,,,movie,,,,,
,https://www.metacritic.com/movie/the-conjuring-last-rites/,,,,,movie,,,,,
,https://www.metacritic.com/movie/splitsville/,,,,,movie,,,,,
,https://www.metacritic.com/movie/twinless/,,,,,movie,,,,,
,https://www.metacritic.com/movie/caught-stealing/,,,,,movie,,,,,
,https://www.metacritic.com/movie/the-roses/,,,,,movie,,,,,
,https://www.metacritic.com/movie/the-toxic-avenger-2023/,,,,,movie,,,,,
,https://www.metacritic.com/movie/the-thursday-murder-club/,,,,,movie,,,,,
,https://www.metacritic.com/movie/eden-2024/,,,,,movie,,,,,
,https://www.metacritic.com/movie/honey-dont/,,,,,movie,,,,,
,https://www.metacritic.com/browse/movie/?releaseType=in-theaters,,,,,movie,,,,,
,https://www.metacritic.com/browse/movie/,,,,,movie,,,,,
,https://www.metacritic.com/movie/dekalog-1988/,,,,,movie,,,,,
,https://www.metacritic.com/movie/three-colors-red/,,,,,movie,,,,,
,https://www.metacritic.com/movie/casablanca/,,,,,movie,,,,,
,https://www.metacritic.com/movie/boyhood/,,,,,movie,,,,,
,https://www.metacritic.com/movie/rear-window/,,,,,movie,,,,,
,https://www.metacritic.com/movie/citizen-kane-1941/,,,,,movie,,,,,
,https://www.metacritic.com/movie/the-conformist-re-release/,,,,,movie,,,,,
,https://www.metacritic.com/movie/the-godfather/,,,,,movie,,,,,
,https://www.metacritic.com/movie/tokyo-story/,,,,,movie,,,,,
,https://www.metacritic.com/movie/the-leopard-re-release/,,,,,movie,,,,,
,https://www.metacritic.com/movie/lawrence-of-arabia-re-release/,,,,,movie,,,,,
,https://www.metacritic.com/movie/notorious-1946/,,,,,movie,,,,,
,https://www.metacritic.com/movie/vertigo-1958/,,,,,movie,,,,,
,https://www.metacritic.com/movie/fanny-and-alexander-re-release/,,,,,movie,,,,,
,https://www.metacritic.com/movie/singin-in-the-rain/,,,,,movie,,,,,
,https://www.metacritic.com/movie/playtime/,,,,,movie,,,,,
,https://www.metacritic.com/movie/touch-of-evil/,,,,,movie,,,,,
,https://www.metacritic.com/movie/army-of-shadows/,,,,,movie,,,,,
,https://www.metacritic.com/movie/city-lights/,,,,,movie,,,,,
,https://www.metacritic.com/movie/moonlight-2016/,,,,,movie,,,,,
,https://www.metacritic.com/movie/intolerance/,,,,,movie,,,,,
,https://www.metacritic.com/movie/the-rules-of-the-game/,,,,,movie,,,,,
,https://www.metacritic.com/movie/pinocchio-1940/,,,,,movie,,,,,
,https://www.metacritic.com/movie/seven-samurai-1954/,,,,,movie,,,,,
