title,link,image,genres,rating,description,type,metascore,user_score,platform,metascore_clean,user_score_clean
,https://www.metacritic.com/tv/,,,,,tv,,,,,
,https://www.metacritic.com/browse/tv/,,,,,tv,,,,,
,https://www.metacritic.com/tv/the-lowdown/,,,,,tv,,,,,
,https://www.metacritic.com/tv/black-rabbit/,,,,,tv,,,,,
,https://www.metacritic.com/tv/the-girlfriend/,,,,,tv,,,,,
,https://www.metacritic.com/tv/only-murders-in-the-building/season-5/,,,,,tv,,,,,
,https://www.metacritic.com/tv/task/,,,,,tv,,,,,
,https://www.metacritic.com/tv/the-walking-dead-daryl-dixon/season-3/,,,,,tv,,,,,
,https://www.metacritic.com/tv/ncis-tony-ziva/,,,,,tv,,,,,
,https://www.metacritic.com/tv/the-paper-2025/,,,,,tv,,,,,
,https://www.metacritic.com/tv/the-terminal-list-dark-wolf/,,,,,tv,,,,,
,https://www.metacritic.com/browse/tv/all/all/all-time/new/,,,,,tv,,,,,
,https://www.metacritic.com/browse/tv/,,,,,tv,,,,,
