﻿title,genres,rating,description,link
The Shawshank Redemption,"Epic, Period Drama, Prison Drama, Drama, Authentic emotion, Character development, Emotional weight, Enduring legacy, Friendship, Inspirational, Performance, Cinematography, Narration, Back to top",9.3,"A banker convicted of uxoricide forms a friendship over a quarter century with a hardened convict, while maintaining his innocence and trying to remain hopeful through simple compassion.",https://www.imdb.com/title/tt0111161/
The Godfather,"Epic, Gangster, Tragedy, Crime, Drama, Atmospheric, Authentic emotion, Character development, Cinematography, Direction, Enduring legacy, Family dynamics, Iconic lines, Iconic performance, Narrative complexity, Back to top",9.2,The aging patriarch of an organized crime dynasty transfers control of his clandestine empire to his reluctant son.,https://www.imdb.com/title/tt0068646/
The Dark Knight,"Action Epic, Epic, Superhero, Tragedy, Action, Crime, Drama, Thriller, Action sequences, Cinematography, Direction, Standout performance, Adaptation, Dark tone, Philosophical elements, Character development, Pacing, Back to top",9.1,"When a menace known as the Joker wreaks havoc and chaos on the people of Gotham, Batman, James Gordon and Harvey Dent must work together to put an end to the madness.",https://www.imdb.com/title/tt0468569/
The Godfather Part II,"Epic, Gangster, Tragedy, Crime, Drama, Atmospheric, Cinematography, Production design, Character development, Duality, Family dynamics, Inner conflict, Legacy, Morality, Narrative complexity, Back to top",9.0,"The early life and career of Vito Corleone in 1920s New York City is portrayed, while his son, Michael, expands and tightens his grip on the family crime syndicate.",https://www.imdb.com/title/tt0071562/
12 Angry Men,"Legal Drama, Psychological Drama, Crime, Drama, Authentic emotion, Direction, Dramatic tension, Great ensemble, Morality, Social commentary, Suspenseful, Thought-provoking, Writing, Back to top",9.0,The jury in a New York City murder trial is frustrated by a single member whose skeptical caution forces them to more carefully consider the evidence before jumping to a hasty verdict.,https://www.imdb.com/title/tt0050083/
The Lord of the Rings: The Return of the King,"Action Epic, Adventure Epic, Epic, Fantasy Epic, Mountain Adventure, Quest, Sword & Sorcery, Tragedy, Adventure, Drama, Action sequences, Atmospheric, Authentic emotion, Character development, Cinematography, Enduring legacy, Epic, Iconic ending, Adaptation, Back to top",9.0,Gandalf and Aragorn lead the World of Men against Sauron's army to draw his gaze from Frodo and Sam as they approach Mount Doom with the One Ring.,https://www.imdb.com/title/tt0167260/
Schindler's List,"Docudrama, Epic, Historical Epic, Period Drama, Prison Drama, Tragedy, Biography, Drama, History, Atmospheric, Authentic emotion, Character development, Cinematography, Direction, Historical accuracy, Musical score, Performance, Symbolism, Back to top",9.0,"In German-occupied Poland during World War II, industrialist Oskar Schindler gradually becomes concerned for his Jewish workforce after witnessing their persecution by the Nazis.",https://www.imdb.com/title/tt0108052/
Pulp Fiction,"Dark Comedy, Drug Crime, Gangster, Crime, Drama, Atmospheric, Authentic emotion, Cinematography, Comedic brilliance, Dark humor, Genre blending, Iconic soundtrack, Non-linear structure, Back to top",8.8,"The lives of two mob hitmen, a boxer, a gangster and his wife, and a pair of diner bandits intertwine in four tales of violence and redemption.",https://www.imdb.com/title/tt0110912/
The Lord of the Rings: The Fellowship of the Ring,"Action Epic, Adventure Epic, Dark Fantasy, Epic, Fantasy Epic, Quest, Sword & Sorcery, Adventure, Drama, Fantasy, Adaptation, Ambitious, Authentic emotion, Character development, Cinematography, Epic, Friendship, Production design, Special effects, Worldbuilding, Back to top",8.9,A meek Hobbit from the Shire and eight companions set out on a journey to destroy the powerful One Ring and save Middle-earth from the Dark Lord Sauron.,https://www.imdb.com/title/tt0120737/
Lonely Hero in the Duel of Hell's Gate,"Action Epic, Adventure Epic, Dark Comedy, Desert Adventure, Epic, Period Drama, Quest, Spaghetti Western, Western Epic, Adventure, Action sequences, Atmospheric, Cinematography, Direction, Dramatic tension, Great ensemble, Iconic scene, Iconic score, Thin story, Back to top",8.8,A bounty-hunting scam joins two men in an uneasy alliance against a third in a race to find a fortune in gold buried in a remote cemetery.,https://www.imdb.com/title/tt0060196/
Forrest Gump,"Epic, Drama, Romance, Comedic brilliance, Friendship, Heartfelt, Inspirational, Nostalgic, Personal growth, Adaptation, Back to top",8.8,"The history of the United States from the 1950s to the '70s unfolds from the perspective of an Alabama man with an IQ of 75, who yearns to be reunited with his childhood sweetheart.",https://www.imdb.com/title/tt0109830/
The Lord of the Rings: The Two Towers,"Action Epic, Adventure Epic, Dark Fantasy, Epic, Fantasy Epic, Quest, Sword & Sorcery, Adventure, Drama, Fantasy, Action sequences, Character development, Cinematography, Creature design, Dramatic tension, Epic, Friendship, Worldbuilding, Adaptation, Back to top",8.8,"While Frodo and Sam edge closer to Mordor with the help of the shifty Gollum, the divided fellowship makes a stand against Sauron's new ally, Saruman, and his hordes of Isengard.",https://www.imdb.com/title/tt0167261/
Fight Club,"Dark Comedy, Psychological Drama, Psychological Thriller, Workplace Drama, Crime, Drama, Thriller, Allegorical elements, Cinematography, Direction, Performance, Psychological depth, Social commentary, Sound design, Thought-provoking, Narrative complexity, Back to top",8.8,An insomniac office worker and a devil-may-care soap maker form an underground fight club that evolves into much more.,https://www.imdb.com/title/tt0137523/
Inception,"Action Epic, Adventure Epic, Epic, Psychological Thriller, Sci-Fi Epic, Action, Adventure, Sci-Fi, Thriller, Dreamlike, Iconic ending, Special effects, Thought-provoking, Ambitious, Character development, Narrative complexity, Confusing, Pacing, Back to top",8.8,"A thief who steals corporate secrets through the use of dream-sharing technology is given the inverse task of planting an idea into the mind of a C.E.O., but his tragic past may doom the project and his team to disaster.",https://www.imdb.com/title/tt1375666/
Star Wars: Episode V - The Empire Strikes Back,"Action Epic, Adventure Epic, Dark Fantasy, Dystopian Sci-Fi, Epic, Fantasy Epic, Quest, Sci-Fi Epic, Space Sci-Fi, Sword & Sorcery, Action sequences, Character development, Cinematography, Dark tone, Iconic lines, Iconic scene, Iconic score, Special effects, Suspenseful, Worldbuilding, Back to top",8.7,"After the Empire overpowers the Rebel Alliance, Luke Skywalker begins training with Jedi Master Yoda, while Darth Vader and bounty hunter Boba Fett pursue his friends across the galaxy.",https://www.imdb.com/title/tt0080684/
The Matrix,"Action Epic, Artificial Intelligence, Cyberpunk, Dystopian Sci-Fi, Gun Fu, Martial Arts, Sci-Fi Epic, Action, Sci-Fi, Action sequences, Cinematography, Philosophical elements, Special effects, Thought-provoking, Character development, Dystopian elements, Religious themes, Back to top",8.7,"When a beautiful stranger leads computer hacker Neo to a forbidding underworld, he discovers the shocking truth--the life he knows is the elaborate deception of an evil cyber-intelligence.",https://www.imdb.com/title/tt0133093/
GoodFellas,"Docudrama, Gangster, True Crime, Biography, Crime, Drama, Character development, Chemistry, Cinematography, Dark humor, Direction, Enduring legacy, Iconic performance, Rewatchable, Soundtrack, Authentic emotion, Back to top",8.7,"The story of Henry Hill and his life in the mafia, covering his relationship with his wife Karen and his mob partners Jimmy Conway and Tommy DeVito.",https://www.imdb.com/title/tt0099685/
Interstellar,"Adventure Epic, Epic, Psychological Drama, Quest, Sci-Fi Epic, Space Sci-Fi, Time Travel, Adventure, Drama, Sci-Fi, Ambitious, Cinematography, Cosmic wonder, Emotional stakes, Family dynamics, Scientific depth, Soundtrack, Thought-provoking, Back to top",8.7,"When Earth becomes uninhabitable in the future, a farmer and ex-NASA pilot, Joseph Cooper, is tasked to pilot a spacecraft, along with a team of researchers, to find a new planet for humans.",https://www.imdb.com/title/tt0816692/
One Flew Over the Cuckoo's Nest,"Medical Drama, Psychological Drama, Drama, Freedom, Iconic performance, Performance, Adaptation, Allegorical elements, Dramatic tension, Human experience, Mental health, Social commentary, Back to top",8.7,"A rebellious convict is sent to a psychiatric hospital for evaluation in 1963 Oregon, and encourages his docile companions to take more control of their lives and defy the tyrannical head nurse.",https://www.imdb.com/title/tt0073486/
Se7en,"Cop Drama, Hard-boiled Detective, Police Procedural, Psychological Drama, Psychological Thriller, Serial Killer, Tragedy, Crime, Drama, Mystery, Atmospheric, Cinematography, Performance, Suspenseful, Thrilling, Philosophical elements, Religious themes, Social commentary, Dark tone, Back to top",8.6,"Two detectives, a rookie and a veteran, hunt a serial killer who uses the seven deadly sins as his motives.",https://www.imdb.com/title/tt0114369/
It's a Wonderful Life,"Feel-Good Romance, Holiday Family, Holiday Romance, Psychological Drama, Supernatural Fantasy, Drama, Family, Fantasy, Holiday, Romance, Family dynamics, Friendship, Heartfelt, Inspirational, Meaning of life, Nostalgic, Religious themes, Traditional values, Social commentary, Back to top",8.6,An angel is sent from Heaven to help a desperately frustrated businessman by showing him what life would have been like if he had never existed.,https://www.imdb.com/title/tt0038650/
The Silence of the Lambs,"Police Procedural, Psychological Drama, Psychological Horror, Psychological Thriller, Serial Killer, Crime, Drama, Horror, Thriller, Atmospheric, Chemistry, Direction, Iconic lines, Iconic performance, Performance, Psychological depth, Suspenseful, Thrilling, Back to top",8.6,"A young F.B.I. cadet must receive the help of an incarcerated and manipulative cannibal killer to help catch another serial killer, a madman who skins his victims.",https://www.imdb.com/title/tt0102926/
Shichinin no samurai,"Action Epic, Epic, Period Drama, Samurai, Action, Drama, Artistic vision, Authentic emotion, Character development, Cinematography, Enduring legacy, Historical accuracy, Musical score, Social commentary, Technical achievement, Back to top",8.6,"Farmers from a village exploited by bandits hire a veteran samurai for protection, and he gathers six other samurai to join him.",https://www.imdb.com/title/tt0047478/
Saving Private Ryan,"Epic, Period Drama, Psychological Drama, Tragedy, War Epic, Drama, War, Action sequences, Cinematography, Direction, Emotional weight, Iconic opening, Performance, Realism, Sound design, Technical achievement, Historical accuracy, Back to top",8.6,"Following the Normandy Landings, a group of U.S. soldiers go behind enemy lines to retrieve a paratrooper whose comrades have been killed in action.",https://www.imdb.com/title/tt0120815/
The Green Mile,"Period Drama, Prison Drama, Supernatural Fantasy, Tragedy, Crime, Drama, Fantasy, Mystery, Dramatic tension, Emotional weight, Faith, Friendship, Thought-provoking, Adaptation, Social commentary, Supernatural themes, Back to top",8.6,A death row guard learns that a gentle giant in his charge possesses a mysterious gift.,https://www.imdb.com/title/tt0120689/
The Conjuring: Last Rites,"Supernatural Horror, Horror, Mystery, Thriller, Back to top",6.5,Paranormal investigators Ed and Lorraine Warren take on one last terrifying case involving mysterious entities they must confront.,https://www.imdb.com/title/tt22898462/?ref_=chtmvm_t_1
The Thursday Murder Club,"Whodunnit, Comedy, Crime, Mystery, Thriller, Back to top",6.6,"Four irrepressible retirees spend their time solving cold case murders for fun, but their casual sleuthing takes a thrilling turn when they find themselves with a real whodunit on their hands.",https://www.imdb.com/title/tt12001534/?ref_=chtmvm_t_2
Highest 2 Lowest,"Police Procedural, Crime, Drama, Mystery, Thriller, Back to top",5.8,"When a titan music mogul is targeted with a ransom plot, he is jammed up in a life-or-death moral dilemma.",https://www.imdb.com/title/tt31194612/?ref_=chtmvm_t_3
Weapons,"Dark Comedy, Psychological Horror, Supernatural Horror, Witch Horror, Horror, Mystery, Back to top",7.7,"When all but one child from the same class mysteriously vanish on the same night at exactly the same time, a community is left questioning who or what is behind their disappearance.",https://www.imdb.com/title/tt26581740/?ref_=chtmvm_t_4
Wuthering Heights,"Drama, Romance, Back to top",6.2,"A passionate and tumultuous love story set against the backdrop of the Yorkshire moors, exploring the intense and destructive relationship between Heathcliff and Catherine Earnshaw.",https://www.imdb.com/title/tt32897959/?ref_=chtmvm_t_5
Unknown Number: The High School Catfish,"Crime Documentary, True Crime, Crime, Documentary, Back to top",6.8,A teen girl and her boyfriend face persistent harassment from an unknown caller. Police investigating the months of torment discover a revelation that upends their initial assumptions.,https://www.imdb.com/title/tt37674426/?ref_=chtmvm_t_6
The Naked Gun,"Bumbling Detective, Parody, Satire, Slapstick, Action, Comedy, Crime, Back to top",6.6,Only one man has the particular set of skills - to lead Police Squad and save the world.,https://www.imdb.com/title/tt3402138/?ref_=chtmvm_t_7
Caught Stealing,"Dark Comedy, Gangster, Psychological Drama, Psychological Thriller, Comedy, Crime, Thriller, Back to top",7.3,"Burned-out ex-baseball player Hank Thompson unexpectedly finds himself embroiled in a dangerous struggle for survival amidst the criminal underbelly of 1990s New York City, forced to navigate a treacherous underworld he never imagined.",https://www.imdb.com/title/tt1493274/?ref_=chtmvm_t_8
Nobody 2,"Dark Comedy, One-Person Army Action, Action, Comedy, Crime, Thriller, Back to top",6.4,"Suburban dad Hutch Mansell, a former lethal assassin, is pulled back into his violent past after thwarting a home invasion, setting off a chain of events",https://www.imdb.com/title/tt28996126/?ref_=chtmvm_t_9
Lilo & Stitch,"Action Epic, Adventure Epic, Alien Invasion, Buddy Comedy, Epic, Fantasy Epic, Sci-Fi Epic, Space Sci-Fi, Action, Adventure, Atmospheric, Chemistry, Comedic elements, Emotional stakes, Family dynamics, Performance, Visual innovation, Character development, Direction, Back to top",6.8,"A lonely Hawaiian girl befriends a runaway alien, helping to mend her fragmented family.",https://www.imdb.com/title/tt11655566/?ref_=chtmvm_t_10
Thunderbolts*,"Dark Fantasy, Political Drama, Psychological Drama, Superhero, Action, Adventure, Crime, Drama, Fantasy, Sci-Fi, Action sequences, Authentic emotion, Character development, Chemistry, Comedic elements, Friendship, Great ensemble, Inner conflict, Mental health, Performance, Back to top",7.2,"After finding themselves ensnared in a death trap, an unconventional team of antiheroes must go on a dangerous mission that will force them to confront the darkest corners of their pasts.",https://www.imdb.com/title/tt20969586/?ref_=chtmvm_t_11
Superman,"Action Epic, Adventure Epic, Epic, Sci-Fi Epic, Superhero, Action, Adventure, Sci-Fi, Action sequences, Visual spectacle, Chemistry, Comedic elements, Direction, Great ensemble, Performance, Atmospheric, Character development, Worldbuilding, Back to top",7.2,"Superman must reconcile his alien Kryptonian heritage with his human upbringing as reporter Clark Kent. As the embodiment of truth, justice and the human way he soon finds himself in a world that views these as old-fashioned.",https://www.imdb.com/title/tt5950044/?ref_=chtmvm_t_12
F1,"Car Action, Motorsport, Action, Drama, Sport, Action sequences, Cinematography, Exciting, Great ensemble, Performance, Sound design, Formulaic, Over-the-top, Thin story, Uneven quality, Back to top",7.8,A Formula One driver comes out of retirement to mentor and team up with a younger driver.,https://www.imdb.com/title/tt16311594/?ref_=chtmvm_t_13
KPop Demon Hunters,"Computer Animation, Pop Musical, Action, Adventure, Animation, Comedy, Family, Fantasy, Music, Musical, Animation style, Chemistry, Friendship, Genre blending, Identity, Soundtrack, Supernatural themes, Uplifting, Visual innovation, Thin story, Back to top",7.6,A world-renowned K-Pop girl group balance their lives in the spotlight with their secret identities as demon hunters.,https://www.imdb.com/title/tt14205554/?ref_=chtmvm_t_14
The Roses,"Dark Comedy, Satire, Screwball Comedy, Tragedy, Comedy, Back to top",7.0,A tinderbox of competition and resentments underneath the façade of a picture-perfect couple is ignited when the husband's professional dreams come crashing down.,https://www.imdb.com/title/tt31973693/?ref_=chtmvm_t_15
Die My Love,"Dark Comedy, Comedy, Drama, Thriller, Back to top",6.3,"In a remote forgotten rural area, a mother struggles to maintain her sanity as she battles with psychosis.",https://www.imdb.com/title/tt9362736/?ref_=chtmvm_t_16
The Conjuring,"Supernatural Horror, Suspense Mystery, Horror, Mystery, Thriller, Atmospheric, Cinematography, Horror craft, Jumpscares, Sound design, Supernatural themes, Suspenseful, Derivative, Thin story, Back to top",7.5,Paranormal investigators Ed and Lorraine Warren work to help a family terrorized by a dark presence in their farmhouse.,https://www.imdb.com/title/tt1457767/?ref_=chtmvm_t_17
The Smashing Machine,"Boxing, Docudrama, Action, Biography, Drama, History, Sport, Back to top",8.8,The story of mixed-martial arts and UFC champion Mark Kerr.,https://www.imdb.com/title/tt11214558/?ref_=chtmvm_t_18
Friendship,"Comedy, Comedic elements, Dark humor, Subversive, Unpredictable, Emotional stakes, Friendship, Mental health, Realism, Thin story, Back to top",6.8,A suburban dad falls hard for his charismatic new neighbor.,https://www.imdb.com/title/tt30505698/?ref_=chtmvm_t_19
The Long Walk,"Horror, Back to top",8.0,"A group of teenage boys compete in an annual contest known as ""The Long Walk,"" where they must maintain a certain walking speed or get shot.",https://www.imdb.com/title/tt10374610/?ref_=chtmvm_t_20
Together,"Body Horror, Psychological Horror, Horror, Romance, Back to top",6.8,"Years into their relationship, Tim and Millie find themselves at a crossroads as they move to the country. With tensions already flaring, an encounter with an unnatural force threatens to corrupt their lives, their love and their flesh.",https://www.imdb.com/title/tt31184028/?ref_=chtmvm_t_21
Sinners,"Folk Horror, Period Drama, Supernatural Horror, Vampire Horror, Action, Drama, Horror, Music, Thriller, Atmospheric, Cinematography, Direction, Gothic, Performance, Social commentary, Soundtrack, Supernatural themes, Narrative complexity, Back to top",7.6,"Trying to leave their troubled lives behind, twin brothers return to their hometown to start again, only to discover that an even greater evil is waiting to welcome them back.",https://www.imdb.com/title/tt31193180/?ref_=chtmvm_t_22
28 Years Later,"Zombie Horror, Horror, Sci-Fi, Thriller, Action sequences, Atmospheric, Cinematography, Performance, Sound design, Suspenseful, Character development, Survival, Pacing, Uneven quality, Back to top",6.7,"A group of survivors of the rage virus live on a small island. When one of the group leaves the island on a mission into the mainland, he discovers secrets, wonders, and horrors that have mutated not only the infected but other survivors.",https://www.imdb.com/title/tt10548174/?ref_=chtmvm_t_23
Mission: Impossible - The Final Reckoning,"Action Epic, Adventure Epic, Spy, Action, Adventure, Thriller, Action sequences, Cinematography, Great ensemble, Iconic imagery, Iconic performance, Set pieces, Stunts, Visual spectacle, Pacing, Back to top",7.3,"Hunt and the IMF pursue a dangerous AI called the Entity that's infiltrated global intelligence. With governments and a figure from his past in pursuit, Hunt races to stop it from forever changing the world.",https://www.imdb.com/title/tt9603208/?ref_=chtmvm_t_24
Jurassic World: Rebirth,"Dinosaur Adventure, Action, Adventure, Sci-Fi, Thriller, Back to top",5.9,"Five years post-Jurassic World: Dominion (2022), an expedition braves isolated equatorial regions to extract DNA from three massive prehistoric creatures for a groundbreaking medical breakthrough.",https://www.imdb.com/title/tt31036941/?ref_=chtmvm_t_25
